/*!40101 SET @OLD_CHARACTER_SET_CLIENT=@@CHARACTER_SET_CLIENT */;
/*!40101 SET NAMES utf8 */;
/*!50503 SET NAMES utf8mb4 */;
/*!40014 SET @OLD_FOREIGN_KEY_CHECKS=@@FOREIGN_KEY_CHECKS, FOREIGN_KEY_CHECKS=0 */;
/*!40101 SET @OLD_SQL_MODE=@@SQL_MODE, SQL_MODE='NO_AUTO_VALUE_ON_ZERO' */;

CREATE TABLE IF NOT EXISTS `grupo_produto` (
  `id_grupo_produto` int(11) NOT NULL AUTO_INCREMENT,
  `grupo_produto` varchar(50) NOT NULL DEFAULT '0',
  `desconto` int(1) NOT NULL DEFAULT 0,
  PRIMARY KEY (`id_grupo_produto`)
) ENGINE=InnoDB DEFAULT CHARSET=latin1;

/*!40000 ALTER TABLE `grupo_produto` DISABLE KEYS */;
INSERT INTO `grupo_produto` (`id_grupo_produto`, `grupo_produto`, `desconto`) VALUES
	(2, 'ALUMINIO', 100),
	(4, 'KIT', 20),
	(5, 'VIDRO', 50),
	(6, 'ESPELHO', 25),
	(7, 'FERRAGEM', 20),
	(8, 'BOX', 30),
	(9, 'MAO DE OBRA', 0),
	(13, 'ACESSORIOS', 15),
	(14, 'MASSA', 20),
	(15, 'SILICONE', 0),
	(16, 'OUTROS', 0),
	(17, 'CHAPARIA', 30),
	(20, 'REFUGO', 80);
/*!40000 ALTER TABLE `grupo_produto` ENABLE KEYS */;

CREATE TABLE IF NOT EXISTS `medida` (
  `id_medida` int(11) NOT NULL AUTO_INCREMENT,
  `medida` char(2) DEFAULT NULL,
  PRIMARY KEY (`id_medida`)
) ENGINE=InnoDB DEFAULT CHARSET=latin1;

/*!40000 ALTER TABLE `medida` DISABLE KEYS */;
INSERT INTO `medida` (`id_medida`, `medida`) VALUES
	(1, 'M2'),
	(2, 'ML'),
	(3, 'UN');
/*!40000 ALTER TABLE `medida` ENABLE KEYS */;

CREATE TABLE IF NOT EXISTS `produto` (
  `id_produto` int(11) NOT NULL AUTO_INCREMENT,
  `m2` double(10,4) DEFAULT NULL,
  `m2_balanco` double(10,4) DEFAULT NULL,
  `estoque` int(11) NOT NULL DEFAULT 0,
  `m2_estoque` double(10,4) NOT NULL,
  `id_cor_vidro` int(11) NOT NULL DEFAULT 0,
  `id_mm` int(11) NOT NULL DEFAULT 0,
  `codigo` varchar(50) DEFAULT '0',
  `produto` varchar(50) DEFAULT NULL,
  `sigla` varchar(16) DEFAULT NULL,
  `medida` char(2) DEFAULT NULL,
  `vl_unit` double(10,4) DEFAULT NULL,
  `custo_unit` double(10,4) DEFAULT NULL,
  `id_grupo_produto` varchar(50) DEFAULT NULL,
  `peso` decimal(10,1) DEFAULT NULL,
  `data_balanco` datetime DEFAULT NULL,
  `estoque_balanco` int(11) DEFAULT NULL,
  `estoque_minimo` int(11) DEFAULT NULL,
  `cprod` varchar(50) DEFAULT NULL,
  `ncm` varchar(50) DEFAULT NULL,
  `cest` varchar(50) DEFAULT NULL,
  `ceanttrib` varchar(50) DEFAULT NULL,
  `indtot` varchar(50) DEFAULT NULL,
  `nitemped` varchar(50) DEFAULT NULL,
  PRIMARY KEY (`id_produto`),
  UNIQUE KEY `produto` (`produto`)
) ENGINE=InnoDB DEFAULT CHARSET=latin1;

/*!40000 ALTER TABLE `produto` DISABLE KEYS */;
INSERT INTO `produto` (`id_produto`, `m2`, `m2_balanco`, `estoque`, `m2_estoque`, `id_cor_vidro`, `id_mm`, `codigo`, `produto`, `sigla`, `medida`, `vl_unit`, `custo_unit`, `id_grupo_produto`, `peso`, `data_balanco`, `estoque_balanco`, `estoque_minimo`, `cprod`, `ncm`, `cest`, `ceanttrib`, `indtot`, `nitemped`) VALUES
	(28, NULL, 0.0000, 1, -7357.6197, 3, 8, '', 'VIDRO CINZA 8MM', 'VIDRO CINZA 8MM', '1', 0.0000, NULL, '5', 20.0, '2018-04-10 17:38:00', NULL, NULL, NULL, NULL, NULL, NULL, NULL, NULL),
	(29, NULL, 0.0000, 0, -1630.7059, 1, 10, '', 'VIDRO INCOLOR 10MM', 'INCOLOR 10MM', '1', 0.0000, NULL, '5', 25.0, '2018-04-10 17:38:00', NULL, NULL, NULL, NULL, NULL, NULL, NULL, NULL),
	(34, NULL, 0.0000, 0, -1329.5701, 1, 3, '', 'VIDRO INCOLOR 3MM', 'INCOLOR 3MM', '1', 0.0000, NULL, '5', 7.5, '2018-04-10 17:38:00', NULL, NULL, NULL, NULL, NULL, NULL, NULL, NULL),
	(35, NULL, 0.0000, 0, -1565.4399, 1, 4, '', 'VIDRO INCOLOR 4MM', 'INCOLOR 4MM', '1', 0.0000, NULL, '5', 10.0, '2018-04-10 17:38:00', NULL, NULL, NULL, NULL, NULL, NULL, NULL, NULL),
	(37, NULL, 0.0000, 0, -4959.3818, 1, 6, '', 'VIDRO INCOLOR 6MM', 'INCOLOR 6MM', '1', 0.0000, NULL, '5', 15.0, '2018-04-10 17:38:00', NULL, NULL, NULL, NULL, NULL, NULL, NULL, NULL),
	(38, NULL, 3.0000, 17, -36410.0743, 1, 8, '', 'VIDRO INCOLOR 8MM', 'INCOLOR 8MM', '1', 89.9000, NULL, '5', 20.0, '2017-10-04 13:28:02', NULL, NULL, 'VI08', '70071100', '1003600', NULL, NULL, NULL),
	(53, NULL, 0.0000, 0, -62.7762, 31, 3, '', 'VIDRO MARTELADO 3/4 3MM', 'VIDRO MARTELADO ', '1', 0.0000, NULL, '5', 2.5, '2018-04-10 17:38:00', NULL, NULL, NULL, NULL, NULL, NULL, NULL, NULL),
	(54, NULL, 0.0000, 0, -1213.2758, 19, 4, '0', 'VIDRO MINIBOREAL 3/4', 'VIDRO MINIBOREAL', '1', NULL, NULL, '5', 2.5, '2018-04-10 17:38:00', NULL, NULL, NULL, NULL, NULL, NULL, NULL, NULL),
	(55, NULL, NULL, 32, -273.8027, 11, 4, '', 'VIDRO CINZA 6MM', 'VIDRO PONTILHADO', '1', 39.0000, NULL, '5', 10.0, '2017-11-06 11:12:48', 32, NULL, NULL, NULL, NULL, NULL, NULL, NULL),
	(62, NULL, 0.0000, 0, -200.7742, 2, 10, '0', 'VIDRO VERDE 10MM', 'VIDRO VERDE 10MM', '1', NULL, NULL, '5', 2.5, '2018-04-10 17:38:00', NULL, NULL, NULL, NULL, NULL, NULL, NULL, NULL),
	(63, NULL, 0.0000, 0, -234.0219, 2, 4, '', 'VIDRO VERDE 4MM', 'VIDRO VERDE 4MM', '1', 0.0000, NULL, '5', 10.0, '2018-04-10 17:38:00', NULL, NULL, NULL, NULL, NULL, NULL, NULL, NULL),
	(65, NULL, 0.0000, 0, -348.2737, 2, 6, '', 'VIDRO VERDE 6MM', 'VIDRO VERDE 6MM', '1', 0.0000, NULL, '5', 15.0, '2018-04-10 17:38:00', NULL, NULL, NULL, NULL, NULL, NULL, NULL, NULL),
	(66, NULL, 0.0000, 0, -18069.3721, 2, 8, '', 'VIDRO VERDE 8MM', 'VIDRO VERDE 8MM', '1', 0.0000, NULL, '5', 20.0, '2018-04-10 17:38:00', NULL, NULL, NULL, NULL, NULL, NULL, NULL, NULL),
	(356, 0.5700, NULL, 0, 0.0000, 0, 0, '0', 'PT 300 INCOLOR 8MM', 'PT 300 INCOLOR 8', '3', 42.6900, NULL, '8', NULL, '2019-09-28 11:43:53', 0, 15, NULL, NULL, NULL, NULL, NULL, NULL),
	(357, 0.6600, NULL, 4, 0.0000, 0, 0, '0', 'PT 350 INCOLOR 8MM', 'PT 350 INCOLOR 8', '3', 49.8000, NULL, '8', NULL, '2019-09-28 11:58:36', 4, 10, NULL, NULL, NULL, NULL, NULL, NULL),
	(358, 0.5700, NULL, 0, 0.0000, 0, 0, '0', 'PT 300 FUME 8MM', 'PT 300 FUME 8MM', '3', 57.6500, NULL, '8', NULL, '2019-09-28 11:44:21', 0, 10, NULL, NULL, NULL, NULL, NULL, NULL),
	(359, 0.6600, NULL, 1, 0.0000, 0, 0, '0', 'PT 350 FUME 8MM', 'PT 350 FUME 8MM', '3', 67.2600, NULL, '8', NULL, '2019-09-28 11:44:41', 1, 10, NULL, NULL, NULL, NULL, NULL, NULL),
	(361, 0.6600, NULL, 3, 0.0000, 0, 0, '0', 'PT 350 VERDE 8MM', 'PT 350 VERDE 8MM', '3', 67.2600, NULL, '8', NULL, '2019-09-28 11:44:59', 3, 10, NULL, NULL, NULL, NULL, NULL, NULL),
	(362, 0.7600, NULL, 21, 0.0000, 0, 0, '0', 'PT 400 INCOLOR 8MM', 'PT 400 INCOLOR 8', '3', 56.9300, NULL, '8', NULL, '2019-09-28 11:46:02', 23, 10, NULL, NULL, NULL, NULL, NULL, NULL),
	(363, 0.7600, NULL, 12, 0.0000, 0, 0, '0', 'PT 400 FUME 8MM', 'PT 400 FUME 8MM', '3', 76.8700, NULL, '8', NULL, '2019-09-28 11:45:44', 12, 10, NULL, NULL, NULL, NULL, NULL, NULL),
	(365, 0.7600, NULL, 11, 0.0000, 0, 0, '0', 'PT 400 VERDE 8MM', 'PT 400 VERDE 8MM', '3', 76.8700, NULL, '8', NULL, '2019-09-28 11:46:19', 11, 10, NULL, NULL, NULL, NULL, NULL, NULL),
	(366, 0.8550, NULL, 12, 0.0000, 0, 0, '0', 'PT 450 INCOLOR 8MM', 'PT 450 INCOLOR 8', '3', 64.0400, NULL, '8', NULL, '2019-09-28 11:46:44', 19, 10, NULL, NULL, NULL, NULL, NULL, NULL),
	(367, 0.8550, NULL, 10, 0.0000, 0, 0, '0', 'PT 450 FUME 8MM', 'PT 450 FUME 8MM', '3', 86.4800, NULL, '8', NULL, '2019-09-28 11:46:36', 10, 10, NULL, NULL, NULL, NULL, NULL, NULL),
	(369, 0.8550, NULL, 8, 0.0000, 0, 0, '0', 'PT 450 VERDE 8MM', 'PT 450 VERDE 8MM', '3', 86.4800, NULL, '8', NULL, '2019-09-28 11:46:51', 9, 10, NULL, NULL, NULL, NULL, NULL, NULL),
	(370, 0.9500, NULL, 4, 0.0000, 0, 0, '0', 'PT 500 INCOLOR 8MM', 'PT 500 INCOLOR 8', '3', 71.1500, NULL, '8', NULL, '2019-09-28 11:47:12', 7, 10, NULL, NULL, NULL, NULL, NULL, NULL),
	(371, 0.9500, NULL, 0, 0.0000, 1, 3, '', 'PT 500 FUME 8MM', 'PT 500 FUME 8MM', '3', 96.0900, NULL, '8', 19.0, '2017-11-03 15:12:56', 2, 10, NULL, NULL, NULL, NULL, NULL, NULL),
	(373, 0.9500, NULL, 3, 0.0000, 0, 0, '0', 'PT 500 VERDE 8MM', 'PT 500 VERDE 8MM', '3', 96.0900, NULL, '8', NULL, '2019-09-28 11:47:21', 5, 10, NULL, NULL, NULL, NULL, NULL, NULL),
	(374, 1.0500, NULL, 7, 0.0000, 1, 3, '', 'PT 550 INCOLOR 8MM', 'PT 550 INCOLOR 8', '3', 78.2700, NULL, '8', 21.0, '2019-09-28 11:47:40', 14, 10, NULL, NULL, NULL, NULL, NULL, NULL),
	(375, 1.0500, NULL, 3, 0.0000, 0, 0, '0', 'PT 550 FUME 8MM', 'PT 550 FUME 8MM', '3', 105.7000, NULL, '8', NULL, '2017-11-03 15:13:54', 4, 10, NULL, NULL, NULL, NULL, NULL, NULL),
	(377, 1.0500, NULL, -6, 0.0000, 0, 0, '0', 'PT 550 VERDE 8MM', 'PT 550 VERDE 8MM', '3', 105.7000, NULL, '8', NULL, '2017-11-03 15:45:29', 12, 10, NULL, NULL, NULL, NULL, NULL, NULL),
	(378, 1.1400, NULL, 3, 0.0000, 0, 0, '0', 'PT 600 INCOLOR 8MM', 'PT 600 INCOLOR 8', '3', 85.3800, NULL, '8', NULL, '2019-09-28 11:48:05', 17, 10, NULL, NULL, NULL, NULL, NULL, NULL),
	(379, 1.1400, NULL, 4, 0.0000, 0, 0, '0', 'PT 600 FUME 8MM', 'PT 600 FUME 8MM', '3', 115.3100, NULL, '8', NULL, '2019-09-28 11:47:56', 4, 10, NULL, NULL, NULL, NULL, NULL, NULL),
	(381, 1.1400, NULL, 4, 0.0000, 0, 0, '0', 'PT 600 VERDE 8MM', 'PT 600 VERDE 8MM', '3', 115.3100, NULL, '8', NULL, '2019-09-28 11:48:12', 7, 10, NULL, NULL, NULL, NULL, NULL, NULL),
	(382, 1.2350, NULL, -5, 0.0000, 0, 0, '0', 'PT 650 INCOLOR 8MM', 'PT 650 INCOLOR 8', '3', 92.5000, NULL, '8', NULL, '2019-09-28 11:48:37', 13, 10, NULL, NULL, NULL, NULL, NULL, NULL),
	(383, 1.2350, NULL, 3, 0.0000, 0, 0, '0', 'PT 650 FUME 8MM', 'PT 650 FUME 8MM', '3', 124.9200, NULL, '8', NULL, '2019-09-28 11:48:30', 7, 10, NULL, NULL, NULL, NULL, NULL, NULL),
	(385, 1.2350, NULL, 3, 0.0000, 0, 0, '0', 'PT 650 VERDE 8MM', 'PT 650 VERDE 8MM', '3', 124.9200, NULL, '8', NULL, '2019-09-28 11:48:46', 8, 10, NULL, NULL, NULL, NULL, NULL, NULL),
	(386, 1.3300, NULL, -6, 0.0000, 0, 0, '0', 'PT 700 INCOLOR 8MM', 'PT 700 INCOLOR 8', '3', 99.6200, NULL, '8', NULL, '2019-09-28 11:49:44', 6, 10, NULL, NULL, NULL, NULL, NULL, NULL),
	(387, 1.3300, NULL, 1, 0.0000, 0, 0, '0', 'PT 700 FUME 8MM', 'PT 700 FUME 8MM', '3', 134.5200, NULL, '8', NULL, '2019-09-28 11:49:12', 3, 10, NULL, NULL, NULL, NULL, NULL, NULL),
	(389, 1.3300, NULL, 2, 0.0000, 0, 0, '0', 'PT 700 VERDE 8MM', 'PT 700 VERDE 8MM', '3', 134.5200, NULL, '8', NULL, '2019-09-28 11:49:52', 6, 10, NULL, NULL, NULL, NULL, NULL, NULL),
	(390, 1.4250, NULL, -6, 0.0000, 0, 0, '0', 'PT 750 INCOLOR 8MM', 'PT 750 INCOLOR 8', '3', 106.4300, NULL, '8', NULL, '2019-09-28 11:50:09', 11, 10, NULL, NULL, NULL, NULL, NULL, NULL),
	(391, 1.4250, NULL, 4, 0.0000, 0, 0, '0', 'PT 750 FUME 8MM', 'PT 750 FUME 8MM', '3', 144.1300, NULL, '8', NULL, '2019-09-28 11:50:00', 5, 10, NULL, NULL, NULL, NULL, NULL, NULL),
	(393, 1.4250, NULL, -1, 0.0000, 0, 0, '0', 'PT 750 VERDE 8MM', 'PT 750 VERDE 8MM', '3', 144.1300, NULL, '8', NULL, '2019-09-28 11:50:23', 0, 10, NULL, NULL, NULL, NULL, NULL, NULL),
	(394, 1.5200, NULL, -1, 0.0000, 0, 0, '0', 'PT 800 INCOLOR 8MM', 'PT 800 INCOLOR 8', '3', 109.2880, NULL, '8', NULL, '2019-09-28 11:50:51', 11, 10, NULL, NULL, NULL, NULL, NULL, NULL),
	(395, 1.5200, NULL, 3, 0.0000, 0, 0, '0', 'PT 800 FUME 8MM', 'PT 800 FUME 8MM', '3', 153.7500, NULL, '8', NULL, '2019-09-28 11:50:41', 5, 10, NULL, NULL, NULL, NULL, NULL, NULL),
	(397, 1.5200, NULL, 1, 0.0000, 0, 0, '0', 'PT 800 VERDE 8MM', 'PT 800 VERDE 8MM', '3', 153.7500, NULL, '8', NULL, '2019-09-28 11:51:00', 2, 10, NULL, NULL, NULL, NULL, NULL, NULL),
	(398, 1.6150, NULL, 10, 0.0000, 0, 0, '0', 'PT 850 INCOLOR 8MM', 'PT 850 INCOLOR 8', '3', 120.9600, NULL, '8', NULL, '2019-09-28 11:52:08', 12, 10, NULL, NULL, NULL, NULL, NULL, NULL),
	(399, 1.6150, NULL, 1, 0.0000, 0, 0, '0', 'PT 850 FUME 8MM', 'PT 850 FUME 8MM', '3', 163.3500, NULL, '8', NULL, '2019-09-28 11:51:59', 2, 10, NULL, NULL, NULL, NULL, NULL, NULL),
	(401, 1.6150, NULL, 1, 0.0000, 0, 0, '0', 'PT 850 VERDE 8MM', 'PT 850 VERDE 8MM', '3', 163.3500, NULL, '8', NULL, '2019-09-28 11:52:17', 3, 10, NULL, NULL, NULL, NULL, NULL, NULL),
	(402, 1.7100, NULL, 0, 0.0000, 0, 0, '0', 'PT 900 INCOLOR 8MM', 'PT 900 INCOLOR 8', '3', 128.0700, NULL, '8', NULL, '2019-09-28 11:52:32', 0, 10, NULL, NULL, NULL, NULL, NULL, NULL),
	(403, 1.7100, NULL, 2, 0.0000, 0, 0, '0', 'PT 900 FUME 8MM', 'PT 900 FUME 8MM', '3', 172.9600, NULL, '8', NULL, '2019-09-28 11:52:25', 2, 10, NULL, NULL, NULL, NULL, NULL, NULL),
	(404, 1.7100, NULL, 0, 0.0000, 1, 3, '', 'PT 900 VERDE 8MM', 'PT 900 VERDE 8MM', '3', 172.9600, NULL, '8', 0.0, '2019-09-28 11:52:37', 0, 10, NULL, NULL, NULL, NULL, NULL, NULL),
	(405, 1.8050, NULL, 0, 0.0000, 0, 0, '0', 'PT 950 INCOLOR 8MM', 'PT 950 INCOLOR 8', '3', 135.1900, NULL, '8', NULL, '2019-09-28 11:52:48', 0, 10, NULL, NULL, NULL, NULL, NULL, NULL),
	(406, 1.8050, NULL, 0, 0.0000, 0, 0, '0', 'PT 950 FUME 8MM', 'PT 950 FUME 8MM', '3', 182.5800, NULL, '8', NULL, '2019-09-28 11:52:42', 0, 10, NULL, NULL, NULL, NULL, NULL, NULL),
	(407, 0.5700, NULL, 0, 0.0000, 0, 0, '0', 'FX 300 INCOLOR 8MM', 'FX 300 INCOLOR 8', '3', 48.3900, NULL, '8', NULL, '2019-09-28 11:38:12', 0, 10, NULL, NULL, NULL, NULL, NULL, NULL),
	(408, 0.5700, NULL, 0, 0.0000, 0, 0, '0', 'FX 300 FUME 8MM', 'FX 300 FUME 8MM', '3', 60.9300, NULL, '8', NULL, '2019-10-04 11:47:18', 0, 10, NULL, NULL, NULL, NULL, NULL, NULL),
	(409, 0.5700, NULL, 0, 0.0000, 0, 0, '0', 'FX 300 VERDE 8MM', 'FX 300 VERDE 8MM', '3', 60.9300, NULL, '8', NULL, '2019-09-28 11:38:09', 0, 10, NULL, NULL, NULL, NULL, NULL, NULL),
	(410, 0.6650, NULL, 2, 0.0000, 1, 3, '', 'FX 350 INCOLOR 8MM', 'FX 350 INCOLOR 8', '3', 56.4600, NULL, '8', 0.0, '2019-09-28 11:37:14', 4, 10, NULL, NULL, NULL, NULL, NULL, NULL),
	(411, 0.6650, NULL, 1, 0.0000, 0, 0, '0', 'FX 350 FUME 8MM', 'FX 350 FUME 8MM', '3', 71.0900, NULL, '8', NULL, '2019-10-04 11:47:28', 1, 10, NULL, NULL, NULL, NULL, NULL, NULL),
	(413, 0.6650, NULL, 1, 0.0000, 0, 0, '0', 'FX 350 VERDE 8MM', 'FX 350 VERDE 8MM', '3', 71.0900, NULL, '8', NULL, '2019-09-28 11:37:41', 1, 10, NULL, NULL, NULL, NULL, NULL, NULL),
	(414, 0.7600, NULL, 8, 0.0000, 0, 0, '0', 'FX 400 INCOLOR 8MM', 'FX 400 INCOLOR 8', '3', 64.5200, NULL, '8', NULL, '2019-09-28 11:37:56', 14, 10, NULL, NULL, NULL, NULL, NULL, NULL),
	(415, 0.7600, NULL, 10, 0.0000, 0, 0, '0', 'FX 400 FUME 8MM', 'FX 400 FUME 8MM', '3', 81.2500, NULL, '8', NULL, '2019-09-28 11:37:47', 10, 10, NULL, NULL, NULL, NULL, NULL, NULL),
	(417, 0.7600, NULL, 5, 0.0000, 0, 0, '0', 'FX 400 VERDE 8MM', 'FX 400 VERDE 8MM', '3', 81.2500, NULL, '8', NULL, '2019-09-28 11:38:03', 6, 10, NULL, NULL, NULL, NULL, NULL, NULL),
	(418, 0.8550, NULL, 7, 0.0000, 0, 0, '0', 'FX 450 INCOLOR 8MM', 'FX 450 INCOLOR 8', '3', 72.5900, NULL, '8', NULL, '2019-09-28 11:38:31', 13, 10, NULL, NULL, NULL, NULL, NULL, NULL),
	(419, 0.8550, NULL, 5, 0.0000, 0, 0, '0', 'FX 450 FUME 8MM', 'FX 450 FUME 8MM', '3', 91.4000, NULL, '8', NULL, '2019-09-28 11:38:23', 5, 10, NULL, NULL, NULL, NULL, NULL, NULL),
	(421, 0.8550, NULL, 2, 0.0000, 0, 0, '0', 'FX 450 VERDE 8MM', 'FX 450 VERDE 8MM', '3', 91.4000, NULL, '8', NULL, '2019-09-28 11:38:38', 4, 10, NULL, NULL, NULL, NULL, NULL, NULL),
	(422, 0.9500, NULL, 2, 0.0000, 1, 3, '', 'FX 500 INCOLOR 8MM', 'FX 500 INCOLOR 8', '3', 80.6600, NULL, '8', 19.0, '2019-09-28 11:39:00', 8, 10, NULL, NULL, NULL, NULL, NULL, NULL),
	(423, 0.9500, NULL, 4, 0.0000, 0, 0, '0', 'FX 500 FUME 8MM', 'FX 500 FUME 8MM', '3', 101.5600, NULL, '8', NULL, '2019-09-28 11:38:47', 4, 10, NULL, NULL, NULL, NULL, NULL, NULL),
	(425, 0.9500, NULL, 0, 0.0000, 0, 0, '0', 'FX 500 VERDE 8MM', 'FX 500 VERDE 8MM', '3', 101.5600, NULL, '8', NULL, '2019-09-28 11:39:10', 5, 10, NULL, NULL, NULL, NULL, NULL, NULL),
	(427, 1.0450, NULL, 4, 0.0000, 0, 0, '0', 'FX 550 INCOLOR 8MM', 'FX 550 INCOLOR 8', '3', 88.7200, NULL, '8', NULL, '2019-09-28 11:39:25', 13, 10, NULL, NULL, NULL, NULL, NULL, NULL),
	(428, 1.0450, NULL, 5, 0.0000, 0, 0, '0', 'FX 550 FUME 8MM', 'FX 550 FUME 8MM', '3', 111.7100, NULL, '8', NULL, '2019-09-28 11:39:17', 6, 10, NULL, NULL, NULL, NULL, NULL, NULL),
	(429, 1.0450, NULL, 4, 0.0000, 0, 0, '0', 'FX 550 VERDE 8MM', 'FX 550 VERDE 8MM', '3', 111.7100, NULL, '8', NULL, '2019-09-28 11:39:34', 8, 10, NULL, NULL, NULL, NULL, NULL, NULL),
	(430, 1.1400, NULL, -16, 0.0000, 0, 0, '0', 'FX 600 INCOLOR 8MM', 'FX 600 INCOLOR 8', '3', 96.7900, NULL, '8', NULL, '2017-11-22 16:11:29', 12, 10, NULL, NULL, NULL, NULL, NULL, NULL),
	(431, 1.1400, NULL, 7, 0.0000, 0, 0, '0', 'FX 600 FUME 8MM', 'FX 600 FUME 8MM', '3', 121.8700, NULL, '8', NULL, '2019-09-28 11:39:41', 7, 10, NULL, NULL, NULL, NULL, NULL, NULL),
	(433, 1.1400, NULL, 3, 0.0000, 0, 0, '0', 'FX 600 VERDE 8MM', 'FX 600 VERDE 8MM', '3', 121.8700, NULL, '8', NULL, '2019-09-28 11:39:56', 5, 10, NULL, NULL, NULL, NULL, NULL, NULL),
	(434, 1.2350, NULL, -5, 0.0000, 0, 0, '0', 'FX 650 INCOLOR 8MM', 'FX 650 INCOLOR 8', '3', 104.8500, NULL, '8', NULL, '2019-09-28 11:41:02', 8, 10, NULL, NULL, NULL, NULL, NULL, NULL),
	(435, 1.2350, NULL, 0, 0.0000, 0, 0, '0', 'FX 650 FUME 8MM', 'FX 650 FUME 8MM', '3', 132.0200, NULL, '8', NULL, '2019-09-28 11:40:55', 5, 10, NULL, NULL, NULL, NULL, NULL, NULL),
	(437, 1.2350, NULL, 14, 0.0000, 0, 0, '0', 'FX 650 VERDE 8MM', 'FX 650 VERDE 8MM', '3', 132.0200, NULL, '8', NULL, '2019-09-28 11:41:12', 18, 10, NULL, NULL, NULL, NULL, NULL, NULL),
	(438, 1.3300, NULL, 6, 0.0000, 0, 0, '0', 'FX 700 FUME 8MM', 'FX 700 FUME 8MM', '3', 142.1800, NULL, '8', NULL, '2019-09-28 11:49:22', 7, 10, NULL, NULL, NULL, NULL, NULL, NULL),
	(440, 1.3300, NULL, -1, 0.0000, 0, 0, '0', 'FX 700 VERDE 8MM', 'FX 700 VERDE 8MM', '3', 142.1800, NULL, '8', NULL, '2019-09-28 11:41:42', 2, 10, NULL, NULL, NULL, NULL, NULL, NULL),
	(441, 1.4250, NULL, -13, 0.0000, 0, 0, '0', 'FX 750 INCOLOR 8MM', 'FX 750 INCOLOR 8', '3', 120.9800, NULL, '8', NULL, '2019-09-28 11:41:58', 1, 10, NULL, NULL, NULL, NULL, NULL, NULL),
	(442, 1.4250, NULL, -1, 0.0000, 0, 0, '0', 'FX 750 FUME 8MM', 'FX 750 FUME 8MM', '3', 152.3300, NULL, '8', NULL, '2019-09-28 11:41:50', 1, 10, NULL, NULL, NULL, NULL, NULL, NULL),
	(444, 1.4250, NULL, 2, 0.0000, 0, 0, '0', 'FX 750 VERDE 8MM', 'FX 750 VERDE 8MM', '3', 152.3300, NULL, '8', NULL, '2019-09-28 11:42:12', 3, 10, NULL, NULL, NULL, NULL, NULL, NULL),
	(445, 1.5200, NULL, -3, 0.0000, 0, 0, '0', 'FX 800 INCOLOR 8MM', 'FX 800 INCOLOR 8', '3', 129.0500, NULL, '8', NULL, '2019-09-28 11:42:29', 10, 10, NULL, NULL, NULL, NULL, NULL, NULL),
	(446, 1.5200, NULL, 3, 0.0000, 0, 0, '0', 'FX 800 FUME 8MM', 'FX 800 FUME 8MM', '3', 162.4900, NULL, '8', NULL, '2019-09-28 11:42:19', 4, 10, NULL, NULL, NULL, NULL, NULL, NULL),
	(448, 1.5200, NULL, 1, 0.0000, 0, 0, '0', 'FX 800 VERDE 8MM', 'FX 800 VERDE 8MM', '3', 162.4900, NULL, '8', NULL, '2019-09-28 11:42:40', 4, 10, NULL, NULL, NULL, NULL, NULL, NULL),
	(449, 1.6150, NULL, 13, 0.0000, 0, 0, '0', 'FX 850 INCOLOR 8MM', 'FX 850 INCOLOR 8', '3', 137.1100, NULL, '8', NULL, '2019-09-28 11:42:58', 13, 10, NULL, NULL, NULL, NULL, NULL, NULL),
	(451, 1.6150, NULL, 10, 0.0000, 0, 0, '0', 'FX 850 FUME 8MM', 'FX 850 FUME 8MM', '3', 172.6400, NULL, '8', NULL, '2019-09-28 11:42:49', 10, 10, NULL, NULL, NULL, NULL, NULL, NULL),
	(453, 1.6150, NULL, 3, 0.0000, 0, 0, '0', 'FX 850 VERDE 8MM', 'FX 850 VERDE 8MM', '3', 172.6400, NULL, '8', NULL, '2019-09-28 11:43:10', 3, 10, NULL, NULL, NULL, NULL, NULL, NULL),
	(454, 1.7100, NULL, -4, 0.0000, 0, 0, '0', 'FX 900 INCOLOR 8MM', 'FX 900 INCOLOR 8', '3', 145.1800, NULL, '8', NULL, '2019-09-28 11:43:26', 1, 10, NULL, NULL, NULL, NULL, NULL, NULL),
	(455, 1.7100, NULL, 3, 0.0000, 0, 0, '0', 'FX 900 FUME 8MM', 'FX 900 FUME 8MM', '3', 182.8000, NULL, '8', NULL, '2019-09-28 11:43:20', 3, 10, NULL, NULL, NULL, NULL, NULL, NULL),
	(456, 1.7100, NULL, 2, 0.0000, 0, 0, '0', 'FX 900 VERDE 8MM', 'FX 900 VERDE 8MM', '3', 182.8000, NULL, '8', NULL, '2017-11-03 16:27:05', 1, 10, NULL, NULL, NULL, NULL, NULL, NULL),
	(457, 1.8050, NULL, 0, 0.0000, 0, 0, '0', 'FX 950 INCOLOR 8MM', 'FX 950 INCOLOR 8', '3', 153.2400, NULL, '8', NULL, '2017-11-03 15:30:06', 0, 10, NULL, NULL, NULL, NULL, NULL, NULL),
	(459, 1.8050, NULL, 0, 0.0000, 0, 0, '0', 'FX 950 VERDE 8MM', 'FX 950 VERDE 8MM', '3', 192.9500, NULL, '8', NULL, '2019-09-28 11:44:05', 0, 10, NULL, NULL, NULL, NULL, NULL, NULL),
	(807, 1.3300, NULL, -8, 0.0000, 1, 3, '', 'FX 700 INCOLOR 8MM', 'FX 700 INCOLOR 8', '3', 112.9200, NULL, '8', 0.0, '2019-09-28 11:41:29', 5, 10, NULL, NULL, NULL, NULL, NULL, NULL),
	(895, 1.8050, NULL, 0, 0.0000, 0, 0, '0', 'PT 950 VERDE 8MM', 'PT 950 VERDE 8MM', '3', 182.5800, NULL, '8', NULL, '2019-09-28 11:52:53', 0, 10, NULL, NULL, NULL, NULL, NULL, NULL),
	(903, 1.8050, NULL, 0, 0.0000, 0, 0, '0', 'FX 950 FUME', 'FX 950 FUME', '3', 192.9500, NULL, '8', NULL, '2019-09-28 11:44:15', 0, 10, NULL, NULL, NULL, NULL, NULL, NULL),
	(1025, 0.5700, NULL, 0, 0.0000, 0, 0, '0', 'PT 300 VERDE 8MM', 'PT 300 VERDE 8MM', '3', 57.6500, NULL, '8', NULL, '2019-09-28 11:44:26', 0, 10, NULL, NULL, NULL, NULL, NULL, NULL),
	(1762, NULL, NULL, -601, -5060.2586, 24, 4, '', 'ESPELHO PRATA 4MM', 'ESPELHO  4MM', '1', 0.0000, NULL, '6', 10.0, '2017-05-29 10:13:05', 0, NULL, NULL, NULL, NULL, NULL, NULL, NULL),
	(1955, 0.0000, NULL, 1, 0.0000, 1, 3, '', 'KIT FERRAGEM 10 RECORTE PRETO', 'KIT FERRAGEM 10 ', '1', 0.0000, NULL, '1', 0.0, '2017-10-09 14:57:52', 1, NULL, NULL, NULL, NULL, NULL, NULL, NULL),
	(2012, 0.0000, NULL, 105, 0.0000, 1, 3, '', '038 A PRETO ', '038 A PRETO ', '3', 3.0000, NULL, '7', 0.0, '2017-11-01 11:00:53', 107, NULL, NULL, NULL, NULL, NULL, NULL, NULL),
	(2015, 0.0000, NULL, 4, 0.0000, 1, 3, '', '510 JFM PRETO', '510 JFM PRETO', '1', 62.0000, NULL, '22', 0.0, '2017-11-01 11:01:58', 4, NULL, NULL, NULL, NULL, NULL, NULL, NULL),
	(2087, 0.0000, 0.0000, 0, 0.0000, 3, 3, '', 'JANELA 4 FOLHAS 6 MM', 'JANELA 4 FOLHAS ', '1', 0.0000, NULL, '1', 0.0, '2018-04-10 17:38:00', NULL, NULL, NULL, NULL, NULL, NULL, NULL, NULL),
	(2117, NULL, NULL, 0, 0.0000, 0, 0, '0', 'CONJUNTO MAO AMIGA GRANDE ', NULL, '3', 35.0000, 17.8200, '7', NULL, '2018-04-10 17:38:00', 0, NULL, NULL, NULL, NULL, NULL, NULL, NULL),
	(2130, NULL, NULL, -1, 0.0000, 0, 3, '0', '002 B BOTAO DE CORRECAO LAMINA CROMADO', NULL, '3', 6.4000, 4.3900, '7', 0.0, '2018-04-10 17:38:00', 0, NULL, NULL, NULL, NULL, NULL, NULL, NULL),
	(2187, NULL, NULL, -214, 0.0000, 0, 0, '0', '114 DOBRADICA BOX CROMADO', NULL, '3', 19.0000, 12.1500, '7', NULL, '2018-04-10 17:38:00', 0, NULL, NULL, NULL, NULL, NULL, NULL, NULL),
	(2188, NULL, NULL, 16, 0.0000, 0, 0, '0', '114 DOBRADICA BOX PRETO', NULL, '3', 19.0000, 12.1500, '7', NULL, '2018-02-19 10:26:23', 16, NULL, NULL, NULL, NULL, NULL, NULL, NULL),
	(2189, NULL, NULL, 46, 0.0000, 0, 3, '0', '114 DOBRADICA BOX BRANCO', NULL, '3', 19.0000, 12.1500, '7', 0.0, '2018-02-20 13:49:01', 46, NULL, NULL, NULL, NULL, NULL, NULL, NULL),
	(2190, NULL, NULL, 12, 0.0000, 0, 0, '0', '114 DOBRADICA BOX BRONZE', NULL, '3', 19.0000, 12.1500, '7', NULL, '2018-02-19 09:03:42', 12, NULL, NULL, NULL, NULL, NULL, NULL, NULL),
	(2191, NULL, NULL, -43, 0.0000, 0, 0, '0', '115 DOBRADICA BOX CROMADO', NULL, '3', 19.0000, 12.1500, '7', NULL, '2018-04-10 17:38:00', 0, NULL, NULL, NULL, NULL, NULL, NULL, NULL),
	(2192, NULL, NULL, 4, 0.0000, 0, 0, '0', '115 DOBRADICA BOX PRETO', NULL, '3', 19.0000, 12.1500, '7', NULL, '2018-02-19 09:41:31', 4, NULL, NULL, NULL, NULL, NULL, NULL, NULL),
	(2193, NULL, NULL, 21, 0.0000, 0, 0, '0', '115 DOBRADICA BOX BRANCO', NULL, '3', 19.0000, 12.1500, '7', NULL, '2018-02-20 13:12:25', 27, NULL, NULL, NULL, NULL, NULL, NULL, NULL),
	(2194, NULL, NULL, 5, 0.0000, 0, 0, '0', '115 DOBRADICA BOX BRONZE', NULL, '3', 19.0000, 12.1500, '7', NULL, '2018-02-19 08:59:35', 9, NULL, NULL, NULL, NULL, NULL, NULL, NULL),
	(2196, NULL, NULL, -50, 0.0000, 0, 0, '0', '123 DOBRADICA BASCULA CROMADO', NULL, '3', 8.8000, 5.8800, '7', NULL, '2018-04-10 17:38:00', 0, NULL, NULL, NULL, NULL, NULL, NULL, NULL),
	(2197, NULL, NULL, 132, 0.0000, 0, 0, '0', '123 DOBRADICA BASCULA PRETO', NULL, '3', 8.8000, 5.8800, '7', NULL, '2018-02-19 10:14:55', 132, NULL, NULL, NULL, NULL, NULL, NULL, NULL),
	(2198, NULL, NULL, 63, 0.0000, 0, 0, '0', '123 DOBRADICA BASCULA BRANCO', NULL, '3', 8.8000, 5.8800, '7', NULL, '2018-02-20 13:53:15', 63, NULL, NULL, NULL, NULL, NULL, NULL, NULL),
	(2199, NULL, NULL, 39, 0.0000, 0, 0, '0', '123 DOBRADICA BASCULA BRONZE', NULL, '3', 8.8000, 5.8800, '7', NULL, '2018-02-19 08:29:11', 39, NULL, NULL, NULL, NULL, NULL, NULL, NULL),
	(2200, NULL, NULL, -867, 0.0000, 0, 0, '0', '1125 ROLDANA SIMPLES', NULL, '3', 1.5000, 0.9500, '13', NULL, '2019-09-30 11:33:47', 4, NULL, NULL, NULL, NULL, NULL, NULL, NULL),
	(2201, NULL, NULL, 0, 0.0000, 0, 0, '0', '126 CARRINHO CROMADO', NULL, '3', 15.0000, 9.5000, '7', NULL, '2018-04-10 17:38:00', 0, NULL, NULL, NULL, NULL, NULL, NULL, NULL),
	(2202, NULL, NULL, 0, 0.0000, 0, 0, '0', '126 CARRINHO BRANCO', NULL, '3', 0.0000, NULL, '7', NULL, '2018-04-10 17:38:00', 0, NULL, NULL, NULL, NULL, NULL, NULL, NULL),
	(2203, NULL, NULL, 0, 0.0000, 0, 0, '0', '126 CARRINHO BRONZE', NULL, '3', 0.0000, NULL, '7', NULL, '2018-04-10 17:38:00', 0, NULL, NULL, NULL, NULL, NULL, NULL, NULL),
	(2204, NULL, NULL, 0, 0.0000, 0, 0, '0', '126 D CARRINHO DUPLO CROMADO', NULL, '3', 24.8500, 16.0000, '7', NULL, '2018-04-10 17:38:00', 0, NULL, NULL, NULL, NULL, NULL, NULL, NULL),
	(2205, NULL, NULL, 0, 0.0000, 0, 0, '0', '126 D CARRINHO DUPLO PRETO', NULL, '3', 0.0000, NULL, '7', NULL, '2018-04-10 17:38:00', 0, NULL, NULL, NULL, NULL, NULL, NULL, NULL),
	(2206, NULL, NULL, 0, 0.0000, 0, 0, '0', '126 D CARRINHO DUPLO BRONZE', NULL, '3', 0.0000, NULL, '7', NULL, '2018-04-10 17:38:00', 0, NULL, NULL, NULL, NULL, NULL, NULL, NULL),
	(2207, NULL, NULL, 0, 0.0000, 0, 0, '0', '126 MC CARRINHO MINI CROMADO', NULL, '3', 0.0000, NULL, '7', NULL, '2018-04-10 17:38:00', 0, NULL, NULL, NULL, NULL, NULL, NULL, NULL),
	(2208, NULL, NULL, 0, 0.0000, 0, 0, '0', '126 M CARRINHO MINI PRETO', NULL, '3', 0.0000, NULL, '7', NULL, '2018-04-10 17:38:00', 0, NULL, NULL, NULL, NULL, NULL, NULL, NULL),
	(2209, NULL, NULL, 0, 0.0000, 0, 0, '0', '126 M CARRINHO MINI BRONZE', NULL, '3', 0.0000, NULL, '7', NULL, '2018-04-10 17:38:00', 0, NULL, NULL, NULL, NULL, NULL, NULL, NULL),
	(2219, NULL, NULL, -1, 0.0000, 0, 0, '0', '130 SUPORTE BASCULA CROMADO', NULL, '3', 0.0000, NULL, '7', NULL, '2018-04-10 17:38:00', 0, NULL, NULL, NULL, NULL, NULL, NULL, NULL),
	(2220, NULL, NULL, 52, 0.0000, 0, 0, '0', '130 SUPORTE BASCULA PRETO', NULL, '3', 0.0000, NULL, '7', NULL, '2018-02-19 10:13:01', 52, NULL, NULL, NULL, NULL, NULL, NULL, NULL),
	(2221, NULL, NULL, 0, 0.0000, 0, 0, '0', '130 SUPORTE BASCULA BRANCO', NULL, '3', 0.0000, NULL, '7', NULL, '2018-04-10 17:38:00', 0, NULL, NULL, NULL, NULL, NULL, NULL, NULL),
	(2222, NULL, NULL, 23, 0.0000, 0, 0, '0', '130 SUPORTE BASCULA BRONZE', NULL, '3', 0.0000, NULL, '7', NULL, '2018-02-19 09:02:51', 23, NULL, NULL, NULL, NULL, NULL, NULL, NULL),
	(2242, NULL, NULL, 33, 0.0000, 0, 0, '0', '230 SUPORTE BASCULA PRETO', NULL, '3', 0.0000, NULL, '7', NULL, '2018-02-19 10:14:13', 33, NULL, NULL, NULL, NULL, NULL, NULL, NULL),
	(2249, NULL, NULL, -17, 0.0000, 0, 0, '0', '302 SUPORTE CANTO CROMADO', NULL, '3', 9.5000, 6.4500, '7', NULL, '2018-04-10 17:38:00', 0, NULL, NULL, NULL, NULL, NULL, NULL, NULL),
	(2275, NULL, NULL, -146, 0.0000, 0, 0, '0', '329 SUPORTE CENTRO CROMADO', NULL, '3', 8.8000, 6.4500, '7', NULL, '2018-04-10 17:38:00', 0, NULL, NULL, NULL, NULL, NULL, NULL, NULL),
	(2276, NULL, NULL, 17, 0.0000, 0, 0, '0', '329 SUPORTE CENTRO PRETO', NULL, '3', 0.0000, NULL, '7', NULL, '2018-02-19 10:13:52', 17, NULL, NULL, NULL, NULL, NULL, NULL, NULL),
	(2277, NULL, NULL, 54, 0.0000, 0, 0, '0', '329 SUPORTE CENTRO BRONZE', NULL, '3', 8.8000, 6.4500, '7', NULL, '2018-02-19 08:36:41', 54, NULL, NULL, NULL, NULL, NULL, NULL, NULL),
	(2281, NULL, NULL, -119, 0.0000, 0, 0, '0', '335 TRINCO CROMADO', NULL, '3', 11.2300, 8.0000, '7', NULL, '2019-10-01 09:09:52', 5, NULL, NULL, NULL, NULL, NULL, NULL, NULL),
	(2282, NULL, NULL, 38, 0.0000, 0, 0, '0', '335 TRINCO PRETO', NULL, '3', 11.2300, NULL, '7', NULL, '2018-02-19 10:29:11', 52, NULL, NULL, NULL, NULL, NULL, NULL, NULL),
	(2283, NULL, NULL, 31, 0.0000, 0, 0, '0', '335 TRINCO BRANCO', NULL, '3', 0.0000, NULL, '7', NULL, '2018-02-20 14:00:41', 32, NULL, NULL, NULL, NULL, NULL, NULL, NULL),
	(2284, NULL, NULL, 66, 0.0000, 0, 0, '0', '335 TRINCO BRONZE', NULL, '3', 0.0000, NULL, '7', NULL, '2018-02-19 08:44:58', 77, NULL, NULL, NULL, NULL, NULL, NULL, NULL),
	(2300, NULL, NULL, -993, 0.0000, 0, 0, '0', '406 BATENTE BORRACHA 100 UN', NULL, '3', 17.4000, NULL, '13', NULL, '2018-04-10 17:38:00', 0, NULL, NULL, NULL, NULL, NULL, NULL, NULL),
	(2301, NULL, NULL, 40, 0.0000, 0, 0, '0', '231 SUPORTE BASCULA PRETO', NULL, '3', 0.0000, NULL, '7', NULL, '2018-02-19 10:13:23', 40, NULL, NULL, NULL, NULL, NULL, NULL, NULL),
	(2305, NULL, NULL, -17, 0.0000, 0, 0, '0', '504 A ESPELHO CROMADO', NULL, '3', 7.0000, 4.2000, '7', NULL, '2018-04-10 17:38:00', 0, NULL, NULL, NULL, NULL, NULL, NULL, NULL),
	(2306, NULL, NULL, 38, 0.0000, 0, 0, '0', '504 A ESPELHO PRETO', NULL, '3', 0.0000, NULL, '7', NULL, '2018-02-19 09:36:34', 49, NULL, NULL, NULL, NULL, NULL, NULL, NULL),
	(2307, NULL, NULL, 89, 0.0000, 0, 0, '0', '504 A ESPELHO BRANCO', NULL, '3', 0.0000, NULL, '7', NULL, '2018-02-20 13:58:44', 90, NULL, NULL, NULL, NULL, NULL, NULL, NULL),
	(2308, NULL, NULL, 65, 0.0000, 0, 0, '0', '504 A ESPELHO BRONZE', NULL, '3', 0.0000, NULL, '7', NULL, '2018-02-19 08:33:35', 65, NULL, NULL, NULL, NULL, NULL, NULL, NULL),
	(2333, NULL, NULL, -27, 0.0000, 0, 0, '0', '520 FECHADURA CROMADO', NULL, '3', 32.2000, 22.2100, '7', NULL, '2018-04-10 17:38:00', 0, NULL, NULL, NULL, NULL, NULL, NULL, NULL),
	(2334, NULL, NULL, 28, 0.0000, 0, 0, '0', '520 FECHADURA PRETO', NULL, '3', 0.0000, NULL, '7', NULL, '2018-02-19 09:35:54', 39, NULL, NULL, NULL, NULL, NULL, NULL, NULL),
	(2335, NULL, NULL, 52, 0.0000, 0, 0, '0', '520 FECHADURA BRANCO', NULL, '3', 0.0000, NULL, '7', NULL, '2018-02-20 13:55:24', 52, NULL, NULL, NULL, NULL, NULL, NULL, NULL),
	(2336, NULL, NULL, 49, 0.0000, 0, 0, '0', '520 FECHADURA BRONZE', NULL, '3', 0.0000, NULL, '7', NULL, '2018-02-19 08:31:46', 49, NULL, NULL, NULL, NULL, NULL, NULL, NULL),
	(2350, NULL, NULL, -6, 0.0000, 0, 0, '0', '1531 CROMADO', NULL, '3', 17.2500, 11.9000, '7', NULL, '2018-04-10 17:38:00', 0, NULL, NULL, NULL, NULL, NULL, NULL, NULL),
	(2351, NULL, NULL, 73, 0.0000, 0, 0, '0', '1531 PRETO', NULL, '3', 0.0000, NULL, '7', NULL, '2018-02-19 09:37:09', 73, NULL, NULL, NULL, NULL, NULL, NULL, NULL),
	(2352, NULL, NULL, 14, 0.0000, 0, 0, '0', '1531 BRONZE', NULL, '3', 0.0000, NULL, '7', NULL, '2018-02-19 08:34:54', 14, NULL, NULL, NULL, NULL, NULL, NULL, NULL),
	(2356, NULL, NULL, 0, 0.0000, 0, 0, '0', '629 PUXADOR BRANCO', NULL, '3', 4.1500, NULL, '7', NULL, '2018-04-10 17:38:00', 0, NULL, NULL, NULL, NULL, NULL, NULL, NULL),
	(2361, NULL, NULL, -68, 0.0000, 0, 0, '0', '629 J PUXADOR CROMADO', NULL, '3', 4.1500, 2.3900, '7', NULL, '2019-10-01 09:01:51', 50, NULL, NULL, NULL, NULL, NULL, NULL, NULL),
	(2362, NULL, NULL, 61, 0.0000, 0, 0, '0', '629 J PUXADOR PRETO', NULL, '3', 4.1500, NULL, '7', NULL, '2018-02-19 10:26:48', 75, NULL, NULL, NULL, NULL, NULL, NULL, NULL),
	(2363, NULL, NULL, 47, 0.0000, 0, 0, '0', '629 J PUXADOR BRANCO', NULL, '3', 4.1500, NULL, '7', NULL, '2018-02-20 14:02:06', 52, NULL, NULL, NULL, NULL, NULL, NULL, NULL),
	(2364, NULL, NULL, 28, 0.0000, 0, 0, '0', '629 J PUXADOR BRONZE', NULL, '3', 0.0000, NULL, '7', NULL, '2018-02-19 08:57:16', 41, NULL, NULL, NULL, NULL, NULL, NULL, NULL),
	(2369, NULL, NULL, -4, 0.0000, 0, 0, '0', '800 A TRINCO PRESSAO CROMADO', NULL, '3', 0.0000, NULL, '7', NULL, '2018-04-10 17:38:00', 0, NULL, NULL, NULL, NULL, NULL, NULL, NULL),
	(2370, NULL, NULL, 0, 0.0000, 0, 0, '0', '800 A TRINCO PRESSAO PRETO', NULL, '3', 0.0000, NULL, '7', NULL, '2018-04-10 17:38:00', 0, NULL, NULL, NULL, NULL, NULL, NULL, NULL),
	(2371, NULL, NULL, 0, 0.0000, 0, 0, '0', '800 A TRINCO PRESSAO BRANCO', NULL, '3', 0.0000, NULL, '7', NULL, '2018-04-10 17:38:00', 0, NULL, NULL, NULL, NULL, NULL, NULL, NULL),
	(2372, NULL, NULL, 0, 0.0000, 0, 0, '0', '800 A TRINCO PRESSAO BRONZE', NULL, '3', 0.0000, NULL, '7', NULL, '2018-04-10 17:38:00', 0, NULL, NULL, NULL, NULL, NULL, NULL, NULL),
	(2373, NULL, NULL, 0, 0.0000, 0, 0, '0', '800 A TOPO CROMADO', NULL, '3', 18.0000, 10.8000, '7', NULL, '2018-04-10 17:38:00', 0, NULL, NULL, NULL, NULL, NULL, NULL, NULL),
	(2388, NULL, NULL, -594, 0.0000, 0, 0, '0', 'FINESSON PRATA', NULL, '3', 0.7500, 0.3500, '7', NULL, '2018-04-10 17:38:00', 0, NULL, NULL, NULL, NULL, NULL, NULL, NULL),
	(2390, NULL, NULL, -210, 0.0000, 0, 0, '0', 'BOCA DE JACARE 6MM CROMADO', NULL, '3', 1.1000, 0.7300, '13', NULL, '2018-04-10 17:38:00', 0, NULL, NULL, NULL, NULL, NULL, NULL, NULL),
	(2391, NULL, NULL, -199, 0.0000, 0, 0, '0', 'BOCA DE JACARE 8MM CROMADO', NULL, '3', 1.1000, 0.7300, '13', NULL, '2018-04-10 17:38:00', 0, NULL, NULL, NULL, NULL, NULL, NULL, NULL),
	(2392, NULL, NULL, -51, 0.0000, 0, 0, '0', 'BOCA DE JACARE 10MM CROMADO', NULL, '3', 1.1000, 0.7300, '13', NULL, '2018-04-10 17:38:00', 0, NULL, NULL, NULL, NULL, NULL, NULL, NULL),
	(2393, NULL, NULL, 0, 0.0000, 0, 0, '0', 'BOCA DE JACARE 12MM CROMADO', NULL, '3', 0.0000, NULL, '13', NULL, '2018-04-10 17:38:00', 0, NULL, NULL, NULL, NULL, NULL, NULL, NULL),
	(2394, NULL, NULL, 0, 0.0000, 0, 0, '0', 'BOCA DE JACARE 15MM CROMADO', NULL, '3', 0.0000, NULL, '13', NULL, '2018-04-10 17:38:00', 0, NULL, NULL, NULL, NULL, NULL, NULL, NULL),
	(2395, NULL, NULL, 0, 0.0000, 0, 0, '0', 'BOCA DE JACARE 19MM CROMADO', NULL, '3', 0.0000, NULL, '13', NULL, '2018-04-10 17:38:00', 0, NULL, NULL, NULL, NULL, NULL, NULL, NULL),
	(2405, NULL, NULL, -124, 0.0000, 0, 0, '0', 'CANOPLA PANORAMICO  PRETO', NULL, '3', 1.5000, 0.7000, '13', NULL, '2018-04-10 17:38:00', 0, NULL, NULL, NULL, NULL, NULL, NULL, NULL),
	(2406, NULL, NULL, -16, 0.0000, 0, 0, '0', 'TAMPA TUBO 2 X 2 BRANCO  ', NULL, '3', 2.3100, NULL, '13', NULL, '2018-04-10 17:38:00', 0, NULL, NULL, NULL, NULL, NULL, NULL, NULL),
	(2429, NULL, NULL, -21, 0.0000, 1, 3, '', 'KIT F1 120 PRETO', NULL, '3', 70.4900, 52.2200, '4', 0.0, '2018-04-10 17:38:00', 0, NULL, NULL, NULL, NULL, NULL, NULL, NULL),
	(2432, NULL, NULL, -33, 0.0000, 0, 0, '0', 'KIT F1 150 CROMADO', NULL, '3', 108.0000, NULL, '4', NULL, '2018-04-10 17:38:00', 0, NULL, NULL, NULL, NULL, NULL, NULL, NULL),
	(2441, NULL, NULL, -7, 0.0000, 0, 0, '0', 'KIT F1 180 BRONZE', NULL, '3', 84.6500, 64.0000, '4', NULL, '2018-04-10 17:38:00', 0, NULL, NULL, NULL, NULL, NULL, NULL, NULL),
	(2452, NULL, NULL, -1, 0.0000, 0, 0, '0', 'KIT F2 200 PRETO', NULL, '3', 95.0300, 67.8800, '4', NULL, '2018-04-10 17:38:00', 0, NULL, NULL, NULL, NULL, NULL, NULL, NULL),
	(2453, NULL, NULL, 0, 0.0000, 0, 0, '0', 'KIT F2 200 BRANCO', NULL, '3', 95.0300, 67.8800, '4', NULL, '2018-04-10 17:38:00', 0, NULL, NULL, NULL, NULL, NULL, NULL, NULL),
	(2454, NULL, NULL, 0, 0.0000, 0, 0, '0', 'KIT F2 200 BRONZE', NULL, '3', 95.0300, 67.8800, '4', NULL, '2018-04-10 17:38:00', 0, NULL, NULL, NULL, NULL, NULL, NULL, NULL),
	(2457, NULL, NULL, 0, 0.0000, 0, 0, '0', 'KIT F2 200 CHAMPAGNE', NULL, '3', 95.0300, 67.8800, '4', NULL, '2018-04-10 17:38:00', 0, NULL, NULL, NULL, NULL, NULL, NULL, NULL),
	(2664, NULL, NULL, 0, 0.0000, 0, 0, '0', 'ESPELHO PRATA 3MM', NULL, '3', 48.3000, NULL, '6', NULL, '2018-04-10 17:38:00', 0, NULL, NULL, NULL, NULL, NULL, NULL, NULL),
	(2707, NULL, NULL, 51, 0.0000, 0, 0, '0', 'AL 66 BRONZE- TADEU 8MM', NULL, '3', 23.6900, 17.5500, '2', NULL, '2019-09-28 11:06:03', 120, NULL, NULL, NULL, NULL, NULL, NULL, NULL),
	(2708, NULL, NULL, 56, 0.0000, 0, 0, '0', 'AL 66 PRETO- TADEU 8MM', NULL, '3', 23.6900, 17.5500, '2', NULL, '2019-09-28 11:06:10', 64, NULL, NULL, NULL, NULL, NULL, NULL, NULL),
	(2712, NULL, NULL, 27, 0.0000, 0, 0, '0', 'AL 66 BRANCO- TADEU 8MM', NULL, '3', 23.6900, 17.5500, '2', NULL, '2019-09-28 11:05:58', 65, NULL, NULL, NULL, NULL, NULL, NULL, NULL),
	(2715, NULL, NULL, -145, 0.0000, 1, 3, '', 'TABUA DE CARNE', '', '3', 12.0000, NULL, '13', 0.0, '2018-04-10 17:38:00', 0, NULL, NULL, NULL, NULL, NULL, NULL, NULL),
	(2717, NULL, NULL, 1, 0.0000, 0, 0, '0', 'SILICONE BRANCO SOUDAL', NULL, '3', 14.5000, 9.8300, '15', NULL, '2018-04-05 16:12:01', 0, NULL, NULL, NULL, NULL, NULL, NULL, NULL),
	(2719, NULL, NULL, -30, 0.0000, 0, 0, '0', 'CANTONEIRA 25 X 25 INCOLOR 8MM', NULL, '3', 8.0000, NULL, '13', NULL, '2018-04-10 17:38:00', 0, NULL, NULL, NULL, NULL, NULL, NULL, NULL),
	(2725, NULL, NULL, 39, 0.0000, 0, 0, '0', 'AL 49 PRETO- TRILHO SUPERIOR', NULL, '3', 102.9000, 70.9700, '2', NULL, '2019-09-28 10:52:26', 45, NULL, NULL, NULL, NULL, NULL, NULL, NULL),
	(2726, NULL, NULL, 40, 0.0000, 0, 0, '0', 'AL 50 PRETO- CAPA', NULL, '3', 39.4500, 27.2100, '2', NULL, '2019-09-28 10:59:51', 45, NULL, NULL, NULL, NULL, NULL, NULL, NULL),
	(2727, NULL, NULL, 39, 0.0000, 0, 0, '0', 'AL 75 PRETO- TR INFERIOR', NULL, '3', 49.0900, 33.8600, '2', NULL, '2019-09-28 11:13:05', 45, NULL, NULL, NULL, NULL, NULL, NULL, NULL),
	(2728, NULL, NULL, 172, 0.0000, 0, 0, '0', 'AL 43 PRETO- TAPA CANAL', NULL, '3', 10.0300, 7.0300, '2', NULL, '2019-09-28 10:51:06', 178, NULL, NULL, NULL, NULL, NULL, NULL, NULL),
	(2729, NULL, NULL, 58, 0.0000, 0, 0, '0', 'AL 63 PRETO - ENCONTRO', NULL, '3', 23.1700, 24.0000, '2', NULL, '2019-09-28 10:58:04', 62, NULL, NULL, NULL, NULL, NULL, NULL, NULL),
	(2745, NULL, NULL, 21, 0.0000, 0, 0, '0', 'CANTONEIRA 19X19 (3/4) NATURAL FOSCO BARRA', NULL, '3', 22.0000, 17.0000, '2', NULL, '2019-09-28 11:17:29', 39, NULL, NULL, NULL, NULL, NULL, NULL, NULL),
	(2750, NULL, NULL, -4, 0.0000, 0, 0, '0', 'ESCOVINHA CINZA 5X5', NULL, '3', 19.6000, 13.5000, '13', NULL, '2018-04-10 17:38:00', 0, NULL, NULL, NULL, NULL, NULL, NULL, NULL),
	(2751, NULL, NULL, 1979, 0.0000, 1, 3, '', 'ESCOVINHA CINZA 5X7', NULL, '3', 19.6000, 13.5000, '13', 0.0, NULL, NULL, NULL, NULL, NULL, NULL, NULL, NULL, NULL),
	(2753, NULL, NULL, -6, 0.0000, 0, 0, '0', 'ESCOVINHA PRETA 5X5', NULL, '3', 19.6000, 13.5000, '13', NULL, '2018-04-10 17:38:00', 0, NULL, NULL, NULL, NULL, NULL, NULL, NULL),
	(2754, NULL, NULL, 709, 0.0000, 1, 3, '', 'ESCOVINHA PRETA 5X7', '', '3', 19.6000, 13.5000, '13', 0.0, NULL, NULL, NULL, NULL, NULL, NULL, NULL, NULL, NULL),
	(2760, NULL, NULL, 5, 0.0000, 0, 0, '0', 'AL 68 PRETO ', NULL, '3', 0.0000, NULL, '2', NULL, '2018-02-15 13:20:42', 0, NULL, NULL, NULL, NULL, NULL, NULL, NULL),
	(2764, NULL, NULL, -2, 0.0000, 0, 0, '0', 'TUBO 2X1 PRETO BARRA', NULL, '3', 78.0000, NULL, '2', NULL, '2018-04-10 17:38:00', 0, NULL, NULL, NULL, NULL, NULL, NULL, NULL),
	(2765, NULL, NULL, 21, 0.0000, 0, 0, '0', 'TUBO 2X2 PRETO BARRA', NULL, '3', 109.0000, 67.7100, '2', NULL, '2019-09-28 11:19:30', 22, NULL, NULL, NULL, NULL, NULL, NULL, NULL),
	(2766, NULL, NULL, 0, 0.0000, 0, 0, '0', 'TUBO 4X2 PRETO BARRA', NULL, '3', 271.5200, NULL, '2', NULL, '2018-04-10 17:38:00', 0, NULL, NULL, NULL, NULL, NULL, NULL, NULL),
	(2768, NULL, NULL, 0, 0.0000, 0, 0, '0', 'CANTONEIRA 13X13 (1/2) PRETO BARRA', NULL, '3', 0.0000, NULL, '2', NULL, '2018-04-10 17:38:00', 0, NULL, NULL, NULL, NULL, NULL, NULL, NULL),
	(2770, NULL, NULL, 0, 0.0000, 0, 0, '0', 'CANTONEIRA 25X25 (1) PRETO BARRA', NULL, '3', 0.0000, NULL, '2', NULL, '2018-04-10 17:38:00', 0, NULL, NULL, NULL, NULL, NULL, NULL, NULL),
	(2771, NULL, NULL, 0, 0.0000, 0, 0, '0', 'AL 15 PRETO- VEDA FRESTA', NULL, '3', 0.0000, NULL, '2', NULL, '2018-04-10 17:38:00', 0, NULL, NULL, NULL, NULL, NULL, NULL, NULL),
	(2788, NULL, NULL, -1, 0.0000, 0, 0, '0', 'AL 68 BRONZE ', NULL, '3', 0.0000, NULL, '2', NULL, '2018-04-10 17:38:00', 0, NULL, NULL, NULL, NULL, NULL, NULL, NULL),
	(2790, NULL, NULL, -2, 0.0000, 0, 0, '0', 'AL 68 BRANCO', NULL, '3', 0.0000, NULL, '2', NULL, '2018-04-10 17:38:00', 0, NULL, NULL, NULL, NULL, NULL, NULL, NULL),
	(2804, NULL, NULL, -1, 0.0000, 0, 0, '0', 'TUBO 2X1 BRONZE BARRA', NULL, '3', 78.0000, NULL, '2', NULL, '2018-04-10 17:38:00', 0, NULL, NULL, NULL, NULL, NULL, NULL, NULL),
	(2806, NULL, NULL, 0, 0.0000, 0, 0, '0', 'TUBO 2X1 BRANCO BARRA', NULL, '3', 78.0000, NULL, '2', NULL, '2018-04-10 17:38:00', 0, NULL, NULL, NULL, NULL, NULL, NULL, NULL),
	(2808, NULL, NULL, 24, 0.0000, 0, 0, '0', 'TUBO 2X2 BRONZE BARRA', NULL, '3', 109.0000, 67.7100, '2', NULL, '2019-09-28 11:19:23', 32, NULL, NULL, NULL, NULL, NULL, NULL, NULL),
	(2809, NULL, NULL, 22, 0.0000, 0, 0, '0', 'TUBO 2X2 BRANCO BARRA', NULL, '3', 109.0000, 67.7100, '2', NULL, '2019-09-28 11:19:13', 23, NULL, NULL, NULL, NULL, NULL, NULL, NULL),
	(2811, NULL, NULL, 0, 0.0000, 0, 0, '0', 'TUBO 4X2 BRONZE BARRA', NULL, '3', 271.5200, NULL, '2', NULL, '2018-04-10 17:38:00', 0, NULL, NULL, NULL, NULL, NULL, NULL, NULL),
	(2813, NULL, NULL, 0, 0.0000, 0, 0, '0', 'TUBO 4X2 BRANCO BARRA', NULL, '3', 271.5200, NULL, '2', NULL, '2018-04-10 17:38:00', 0, NULL, NULL, NULL, NULL, NULL, NULL, NULL),
	(2819, NULL, NULL, 0, 0.0000, 0, 0, '0', 'CANTONEIRA 13X13 (1/2) BRONZE BARRA', NULL, '3', 0.0000, NULL, '2', NULL, '2018-04-10 17:38:00', 0, NULL, NULL, NULL, NULL, NULL, NULL, NULL),
	(2821, NULL, NULL, -1, 0.0000, 0, 0, '0', 'CANTONEIRA 13X13 (1/2) BRANCO BARRA', NULL, '3', 0.0000, NULL, '2', NULL, '2018-04-10 17:38:00', 0, NULL, NULL, NULL, NULL, NULL, NULL, NULL),
	(2823, NULL, NULL, -1, 0.0000, 0, 0, '0', 'CANTONEIRA 19X19 (3/4) BRONZE BARRA', NULL, '3', 0.0000, NULL, '2', NULL, '2018-04-10 17:38:00', 0, NULL, NULL, NULL, NULL, NULL, NULL, NULL),
	(2825, NULL, NULL, 0, 0.0000, 0, 0, '0', 'CANTONEIRA 19X19 (3/4) BRANCO BARRA', NULL, '3', 0.0000, NULL, '2', NULL, '2018-04-10 17:38:00', 0, NULL, NULL, NULL, NULL, NULL, NULL, NULL),
	(2827, NULL, NULL, 0, 0.0000, 0, 0, '0', 'CANTONEIRA 25X25 (1) BRONZE BARRA', NULL, '3', 0.0000, NULL, '2', NULL, '2018-04-10 17:38:00', 0, NULL, NULL, NULL, NULL, NULL, NULL, NULL),
	(2833, NULL, NULL, 40, 0.0000, 0, 0, '0', 'AL 49 BRANCO-- TRILHO SUPERIOR', NULL, '3', 102.9000, 70.9700, '2', NULL, '2019-09-28 10:52:09', 45, NULL, NULL, NULL, NULL, NULL, NULL, NULL),
	(2835, NULL, NULL, 29, 0.0000, 0, 0, '0', 'AL 50 BRONZE- CAPA', NULL, '3', 39.4500, 27.2100, '2', NULL, '2019-09-28 10:59:45', 64, NULL, NULL, NULL, NULL, NULL, NULL, NULL),
	(2837, NULL, NULL, 40, 0.0000, 0, 0, '0', 'AL 50 BRANCO- CAPA', NULL, '3', 39.4500, 27.2100, '2', NULL, '2019-09-28 10:54:48', 45, NULL, NULL, NULL, NULL, NULL, NULL, NULL),
	(2839, NULL, NULL, 36, 0.0000, 0, 0, '0', 'AL 75 BRONZE-- TR INFERIOR', NULL, '3', 49.0900, 33.8600, '2', NULL, '2019-09-28 11:12:57', 65, NULL, NULL, NULL, NULL, NULL, NULL, NULL),
	(2841, NULL, NULL, 40, 0.0000, 0, 0, '0', 'AL 75 BRANCO- TR INFERIOR', NULL, '3', 49.0900, 33.8600, '2', NULL, '2019-09-28 11:12:52', 45, NULL, NULL, NULL, NULL, NULL, NULL, NULL),
	(2847, NULL, NULL, 86, 0.0000, 0, 0, '0', 'AL 63 BRONZE- ENCONTRO', NULL, '3', 23.1700, 24.0000, '2', NULL, '2019-09-28 10:57:58', 100, NULL, NULL, NULL, NULL, NULL, NULL, NULL),
	(2849, NULL, NULL, 58, 0.0000, 0, 0, '0', 'AL 63 BRANCO - ENCONTRO', NULL, '3', 23.1700, 24.0000, '2', NULL, '2019-09-28 10:57:47', 62, NULL, NULL, NULL, NULL, NULL, NULL, NULL),
	(2851, NULL, NULL, 0, 0.0000, 0, 0, '0', 'AL 15 BRONZE- VEDA FRESTA', NULL, '3', 0.0000, NULL, '2', NULL, '2018-04-10 17:38:00', 0, NULL, NULL, NULL, NULL, NULL, NULL, NULL),
	(2853, NULL, NULL, 8, 0.0000, 0, 0, '0', 'AL 15 BRANCO- VEDA FRESTA', NULL, '3', 0.0000, NULL, '2', NULL, '2018-04-10 17:38:00', 0, NULL, NULL, NULL, NULL, NULL, NULL, NULL),
	(2864, NULL, NULL, 17, 0.0000, 0, 3, '0', 'SIKADUR', NULL, '3', 48.5800, 33.5000, '13', 0.0, '2018-04-10 17:38:00', 0, NULL, NULL, NULL, NULL, NULL, NULL, NULL),
	(2874, NULL, NULL, 0, 0.0000, 0, 0, '0', 'BUCHA PARA 114 (O PAR)', NULL, '3', 0.0000, NULL, '7', NULL, '2018-04-10 17:38:00', 0, NULL, NULL, NULL, NULL, NULL, NULL, NULL),
	(2880, NULL, NULL, 0, 0.0000, 0, 0, '0', '126 M CARRINHO MINI BRANCO', NULL, '3', 0.0000, NULL, '7', NULL, '2018-04-10 17:38:00', 0, NULL, NULL, NULL, NULL, NULL, NULL, NULL),
	(2881, NULL, NULL, -21, 0.0000, 0, 0, '0', 'BICO DE TUCANO MEDIO', NULL, '3', 8.2500, 4.6900, '13', NULL, '2018-04-10 17:38:00', 0, NULL, NULL, NULL, NULL, NULL, NULL, NULL),
	(2919, NULL, NULL, 0, 0.0000, 0, 0, '0', 'CANTONEIRA 30X30 VERDE 8MM', NULL, '3', 9.0000, NULL, '13', NULL, '2018-04-10 17:38:00', 0, NULL, NULL, NULL, NULL, NULL, NULL, NULL),
	(2925, NULL, NULL, 0, 0.0000, 0, 0, '0', 'CANTONEIRA 25 X 25 INCOLOR 6MM', NULL, '3', 8.0000, NULL, '13', NULL, '2018-04-10 17:38:00', 0, NULL, NULL, NULL, NULL, NULL, NULL, NULL),
	(2934, NULL, NULL, 0, 0.0000, 0, 0, '0', 'BUCHA P/ 115 (PAR)', NULL, '3', 0.0000, NULL, '7', NULL, '2018-04-10 17:38:00', 0, NULL, NULL, NULL, NULL, NULL, NULL, NULL),
	(2935, NULL, NULL, -22, 0.0000, 0, 0, '0', 'CANTONEIRA 20 X 20 INCOLOR 8MM', NULL, '3', 7.0000, NULL, '13', NULL, '2018-04-10 17:38:00', 0, NULL, NULL, NULL, NULL, NULL, NULL, NULL),
	(2950, NULL, NULL, -10, 0.0000, 0, 0, '0', 'CANTONEIRA 25X25 BRONZE 8MM', NULL, '3', 0.0000, NULL, '13', NULL, '2018-04-10 17:38:00', 0, NULL, NULL, NULL, NULL, NULL, NULL, NULL),
	(2957, NULL, NULL, 0, 0.0000, 0, 0, '0', 'CANTONEIRA 20 X 20 VERDE 6MM', NULL, '3', 7.0000, NULL, '13', NULL, '2018-04-10 17:38:00', 0, NULL, NULL, NULL, NULL, NULL, NULL, NULL),
	(2966, NULL, NULL, 0, 0.0000, 0, 0, '0', 'CANTONEIRA 30 X 30 BRONZE', NULL, '3', 0.0000, NULL, '13', NULL, '2018-04-10 17:38:00', 0, NULL, NULL, NULL, NULL, NULL, NULL, NULL),
	(2968, NULL, NULL, -5, 0.0000, 0, 0, '0', 'CANTONEIRA 25 X 25 FUME 08MM', NULL, '3', 8.0000, NULL, '13', NULL, '2018-04-10 17:38:00', 0, NULL, NULL, NULL, NULL, NULL, NULL, NULL),
	(2969, NULL, NULL, -7, 0.0000, 0, 0, '0', 'CANTONEIRA 25 X 25 VERDE 08MM', NULL, '3', 8.0000, NULL, '13', NULL, '2018-04-10 17:38:00', 0, NULL, NULL, NULL, NULL, NULL, NULL, NULL),
	(2973, NULL, NULL, 165, 0.0000, 0, 0, '0', 'AL 43 BRANCO- TAPA CANAL', NULL, '3', 10.0300, 7.0300, '2', NULL, '2019-09-28 10:44:23', 178, NULL, NULL, NULL, NULL, NULL, NULL, NULL),
	(2991, NULL, NULL, 3, 0.0000, 0, 0, '0', 'CANTONEIRA 25X25 (1) NAT FOSCO BARRA', NULL, '3', 26.0000, 19.0000, '2', NULL, '2019-09-28 11:17:09', 7, NULL, NULL, NULL, NULL, NULL, NULL, NULL),
	(2993, NULL, NULL, 31, 0.0000, 0, 0, '0', 'AL 49 BRONZE- TRILHO SUPERIOR', NULL, '3', 102.9000, 70.9700, '2', NULL, '2019-09-28 10:52:50', 62, NULL, NULL, NULL, NULL, NULL, NULL, NULL),
	(2996, NULL, NULL, 203, 0.0000, 0, 0, '0', 'AL 43 BRONZE- TAPA CANAL', NULL, '3', 10.0300, 7.0300, '2', NULL, '2019-09-28 10:50:49', 235, NULL, NULL, NULL, NULL, NULL, NULL, NULL),
	(3005, NULL, NULL, 0, 0.0000, 0, 0, '0', '128 C CROMADO', NULL, '3', 0.0000, NULL, '7', NULL, '2018-04-10 17:38:00', 0, NULL, NULL, NULL, NULL, NULL, NULL, NULL),
	(3011, NULL, NULL, -1, 0.0000, 0, 0, '0', '520 ML FECHADURA C/ MACANETA SIMPLES', NULL, '3', 120.0000, 68.9100, '7', NULL, '2018-04-10 17:38:00', 0, NULL, NULL, NULL, NULL, NULL, NULL, NULL),
	(3020, NULL, NULL, 2, 0.0000, 0, 0, '0', 'CANTONEIRA 13X13 (1/2) NAT FOSCO BARRA', NULL, '3', 18.0000, 13.0000, '2', NULL, '2019-09-28 11:15:11', 8, NULL, NULL, NULL, NULL, NULL, NULL, NULL),
	(3022, NULL, NULL, 0, 0.0000, 0, 0, '0', 'TUBO 4X2 NAT FOSCO BARRA', NULL, '3', 159.5000, 110.0000, '2', NULL, '2019-09-28 11:20:21', 2, NULL, NULL, NULL, NULL, NULL, NULL, NULL),
	(3030, NULL, NULL, 62, 0.0000, 0, 0, '0', 'AL 67 BRANCO- TADEU 10MM', NULL, '3', 25.2100, 18.6800, '2', NULL, '2019-09-28 11:07:25', 62, NULL, NULL, NULL, NULL, NULL, NULL, NULL),
	(3031, NULL, NULL, 94, 0.0000, 0, 0, '0', 'AL 67 BRONZE- TADEU 10MM', NULL, '3', 25.2100, 18.6800, '2', NULL, '2019-09-28 11:07:19', 110, NULL, NULL, NULL, NULL, NULL, NULL, NULL),
	(3034, NULL, NULL, 60, 0.0000, 0, 0, '0', 'AL 67 PRETO- TADEU 10MM', NULL, '3', 25.2100, 18.6800, '2', NULL, '2019-09-28 11:07:31', 62, NULL, NULL, NULL, NULL, NULL, NULL, NULL),
	(3052, NULL, NULL, -3, 0.0000, 0, 0, '0', 'FRETE', NULL, '3', 140.0000, NULL, '16', NULL, '2018-04-10 17:38:00', 0, NULL, NULL, NULL, NULL, NULL, NULL, NULL),
	(3054, NULL, NULL, -25, 0.0000, 0, 0, '0', 'CANTO MOEDA', NULL, '3', 2.0000, NULL, '9', NULL, '2018-04-10 17:38:00', 0, NULL, NULL, NULL, NULL, NULL, NULL, NULL),
	(3056, NULL, NULL, 0, 0.0000, 0, 0, '0', 'REBOLO DIAMANTADO 10MM FINO', NULL, '3', 420.7900, NULL, '16', NULL, '2018-04-10 17:38:00', 0, NULL, NULL, NULL, NULL, NULL, NULL, NULL),
	(3057, NULL, NULL, 0, 0.0000, 0, 0, '0', 'REBOLO DIAMANTADO 08MM FINO', NULL, '3', 405.4500, NULL, '16', NULL, '2018-04-10 17:38:00', 0, NULL, NULL, NULL, NULL, NULL, NULL, NULL),
	(3062, NULL, NULL, 0, 0.0000, 0, 0, '0', 'BROCA DIAM. 12MM', NULL, '3', 38.0900, NULL, '16', NULL, '2018-04-10 17:38:00', 0, NULL, NULL, NULL, NULL, NULL, NULL, NULL),
	(3063, NULL, NULL, 66, 0.0000, 0, 0, '0', 'CANTONEIRA CAIXA', NULL, '3', 162.0000, NULL, '16', NULL, '2018-04-10 17:38:00', 0, NULL, NULL, NULL, NULL, NULL, NULL, NULL),
	(3070, NULL, NULL, 13, 0.0000, 0, 0, '0', 'MAO AMIGA CROMADA', NULL, '3', 0.0000, NULL, '7', NULL, '2018-04-10 17:38:00', 0, NULL, NULL, NULL, NULL, NULL, NULL, NULL),
	(3086, NULL, NULL, 14, 0.0000, 0, 0, '0', 'MAO AMIGA MINI CROMADA', NULL, '3', 29.4000, 14.3700, '7', NULL, '2018-04-10 17:38:00', 0, NULL, NULL, NULL, NULL, NULL, NULL, NULL),
	(3099, NULL, NULL, -42, 0.0000, 0, 0, '0', 'PATACAS', NULL, '3', 0.0000, NULL, '13', NULL, '2018-04-10 17:38:00', 0, NULL, NULL, NULL, NULL, NULL, NULL, NULL),
	(3111, NULL, NULL, 8, 0.0000, 0, 0, '0', 'MAO AMIGA BRONZE', NULL, '3', 0.0000, NULL, '7', NULL, '2018-02-19 08:44:00', 13, NULL, NULL, NULL, NULL, NULL, NULL, NULL),
	(3116, NULL, NULL, 84, 0.0000, 0, 0, '0', 'MAO AMIGA BRANCA', NULL, '3', 0.0000, NULL, '7', NULL, '2018-02-20 14:01:33', 85, NULL, NULL, NULL, NULL, NULL, NULL, NULL),
	(3120, NULL, NULL, -79, 0.0000, 0, 0, '0', 'TAMPA TUBO 2 X 2  PRETO', NULL, '3', 1.5000, 0.5000, '13', NULL, '2018-04-10 17:38:00', 0, NULL, NULL, NULL, NULL, NULL, NULL, NULL),
	(3126, NULL, NULL, 0, 0.0000, 0, 0, '0', 'PUXADOR H 800 X 600 BRANCO', NULL, '3', 0.0000, NULL, '13', NULL, '2018-04-10 17:38:00', 0, NULL, NULL, NULL, NULL, NULL, NULL, NULL),
	(3191, NULL, NULL, 0, 0.0000, 0, 0, '0', 'JANELA CORRER (JC) 1 FX1 MV 1,50 X 1,20', NULL, '3', 177.3300, NULL, '16', NULL, '2018-04-10 17:38:00', 0, NULL, NULL, NULL, NULL, NULL, NULL, NULL),
	(3192, NULL, NULL, 0, 0.0000, 0, 0, '0', 'JANELA CORRER (JC) 1 FX1 MV 1,00 X 1,20', NULL, '3', 146.1900, NULL, '16', NULL, '2018-04-10 17:38:00', 0, NULL, NULL, NULL, NULL, NULL, NULL, NULL),
	(3193, NULL, NULL, 0, 0.0000, 0, 0, '0', 'JANELA CORRER (JC) 2 FX2 MV 2,00 X 1,20', NULL, '3', 234.7900, NULL, '16', NULL, '2018-04-10 17:38:00', 0, NULL, NULL, NULL, NULL, NULL, NULL, NULL),
	(3194, NULL, NULL, 0, 0.0000, 0, 0, '0', 'JANELA CORRER (JC) 2 FX2 MV 1,80 X 1,20', NULL, '3', 211.3000, NULL, '16', NULL, '2018-04-10 17:38:00', 0, NULL, NULL, NULL, NULL, NULL, NULL, NULL),
	(3195, NULL, NULL, 0, 0.0000, 0, 0, '0', 'JANELA CORRER (JC) 2 FX2 MV 1,50 X 1,20', NULL, '3', 199.7800, NULL, '16', NULL, '2018-04-10 17:38:00', 0, NULL, NULL, NULL, NULL, NULL, NULL, NULL),
	(3196, NULL, NULL, 0, 0.0000, 0, 0, '0', 'JANELA C BANDEIRA 2 FOLHAS 1,00 X 1,20', NULL, '3', 184.0800, NULL, '16', NULL, '2018-04-10 17:38:00', 0, NULL, NULL, NULL, NULL, NULL, NULL, NULL),
	(3197, NULL, NULL, 0, 0.0000, 0, 0, '0', 'JANELA C BANDEIRA 2 FOLHAS 1,20 X 1,20', NULL, '3', 199.2600, NULL, '16', NULL, '2018-04-10 17:38:00', 0, NULL, NULL, NULL, NULL, NULL, NULL, NULL),
	(3198, NULL, NULL, 0, 0.0000, 0, 0, '0', 'JANELA C BANDEIRA 2 FOLHAS 1,40 X 1,20', NULL, '3', 214.3100, NULL, '16', NULL, '2018-04-10 17:38:00', 0, NULL, NULL, NULL, NULL, NULL, NULL, NULL),
	(3199, NULL, NULL, 0, 0.0000, 0, 0, '0', 'JANELA C BANDEIRA 2 FOLHAS 1,50 X 1,20', NULL, '3', 221.8200, NULL, '16', NULL, '2018-04-10 17:38:00', 0, NULL, NULL, NULL, NULL, NULL, NULL, NULL),
	(3200, NULL, NULL, 0, 0.0000, 0, 0, '0', 'VENEZIANA 03 FOLHAS 1,00 X 1,20', NULL, '3', 250.0000, NULL, '16', NULL, '2018-04-10 17:38:00', 0, NULL, NULL, NULL, NULL, NULL, NULL, NULL),
	(3201, NULL, NULL, 0, 0.0000, 0, 0, '0', 'VENEZIANA 03 FOLHAS 1,20 X 1,20', NULL, '3', 299.0000, NULL, '16', NULL, '2018-04-10 17:38:00', 0, NULL, NULL, NULL, NULL, NULL, NULL, NULL),
	(3202, NULL, NULL, 0, 0.0000, 0, 0, '0', 'VENEZIANA 03 FOLHAS 1,40 X 1,20', NULL, '3', 327.6000, NULL, '16', NULL, '2018-04-10 17:38:00', 0, NULL, NULL, NULL, NULL, NULL, NULL, NULL),
	(3203, NULL, NULL, 0, 0.0000, 0, 0, '0', 'VENEZIANA 03 FOLHAS 1,50 X 1,20', NULL, '3', 342.8000, NULL, '16', NULL, '2018-04-10 17:38:00', 0, NULL, NULL, NULL, NULL, NULL, NULL, NULL),
	(3204, NULL, NULL, 0, 0.0000, 0, 0, '0', 'VENEZIANA 06 FOLHAS 2,00 X 1,20', NULL, '3', 484.3500, NULL, '16', NULL, '2018-04-10 17:38:00', 0, NULL, NULL, NULL, NULL, NULL, NULL, NULL),
	(3205, NULL, NULL, 0, 0.0000, 0, 0, '0', 'VENEZIANA 06 FOLHAS 1,50 X 1,20', NULL, '3', 457.9100, NULL, '16', NULL, '2018-04-10 17:38:00', 0, NULL, NULL, NULL, NULL, NULL, NULL, NULL),
	(3206, NULL, NULL, 0, 0.0000, 0, 0, '0', 'MAX-AR (MODULO PRATICO) 60 X 60', NULL, '3', 122.7500, NULL, '16', NULL, '2018-04-10 17:38:00', 0, NULL, NULL, NULL, NULL, NULL, NULL, NULL),
	(3207, NULL, NULL, 0, 0.0000, 0, 0, '0', 'MAX-AR (MODULO PRATICO) 70 X 70', NULL, '3', 128.2700, NULL, '16', NULL, '2018-04-10 17:38:00', 0, NULL, NULL, NULL, NULL, NULL, NULL, NULL),
	(3208, NULL, NULL, 0, 0.0000, 0, 0, '0', 'MAX-AR (MODULO PRATICO) 80 X 80', NULL, '3', 144.8700, NULL, '16', NULL, '2018-04-10 17:38:00', 0, NULL, NULL, NULL, NULL, NULL, NULL, NULL),
	(3209, NULL, NULL, 0, 0.0000, 0, 0, '0', 'PORTINHOLA DE VENEZIANA 70 X 70', NULL, '3', 123.3700, NULL, '16', NULL, '2018-04-10 17:38:00', 0, NULL, NULL, NULL, NULL, NULL, NULL, NULL),
	(3210, NULL, NULL, 0, 0.0000, 0, 0, '0', 'PORTINHOLA DE VENEZIANA 60 X 60', NULL, '3', 99.7100, NULL, '16', NULL, '2018-04-10 17:38:00', 0, NULL, NULL, NULL, NULL, NULL, NULL, NULL),
	(3211, NULL, NULL, 0, 0.0000, 0, 0, '0', 'PORTINHOLA DE VENEZIANA 80 X 80', NULL, '3', 162.2400, NULL, '16', NULL, '2018-04-10 17:38:00', 0, NULL, NULL, NULL, NULL, NULL, NULL, NULL),
	(3212, NULL, NULL, 0, 0.0000, 0, 0, '0', 'PORTA ABRIR DIREITA (LINHA 25) C/ 8 VIDROS 80 X 21', NULL, '3', 375.8600, NULL, '16', NULL, '2018-04-10 17:38:00', 0, NULL, NULL, NULL, NULL, NULL, NULL, NULL),
	(3213, NULL, NULL, 0, 0.0000, 0, 0, '0', 'PORTA ABRIR DIREITA (LINHA 25) C/ 8 VIDROS 90 X 21', NULL, '3', 394.2000, NULL, '16', NULL, '2018-04-10 17:38:00', 0, NULL, NULL, NULL, NULL, NULL, NULL, NULL),
	(3214, NULL, NULL, 0, 0.0000, 0, 0, '0', 'PORTA ABRIR ESQUERDA (LINHA 25) C/ 8 VIDROS 80 X 2', NULL, '3', 375.8600, NULL, '16', NULL, '2018-04-10 17:38:00', 0, NULL, NULL, NULL, NULL, NULL, NULL, NULL),
	(3215, NULL, NULL, 0, 0.0000, 0, 0, '0', 'PORTA ABRIR ESQUERDA (LINHA 25) C/ 8 VIDROS 90 X 2', NULL, '3', 394.2000, NULL, '16', NULL, '2018-04-10 17:38:00', 0, NULL, NULL, NULL, NULL, NULL, NULL, NULL),
	(3216, NULL, NULL, 0, 0.0000, 0, 0, '0', 'PORTA VENEZIANA SEM VIDRO 60 X 210', NULL, '3', 324.8200, NULL, '16', NULL, '2018-04-10 17:38:00', 0, NULL, NULL, NULL, NULL, NULL, NULL, NULL),
	(3217, NULL, NULL, 0, 0.0000, 0, 0, '0', 'PORTA VENEZIANA SEM VIDRO 70 X 210', NULL, '3', 346.2800, NULL, '16', NULL, '2018-04-10 17:38:00', 0, NULL, NULL, NULL, NULL, NULL, NULL, NULL),
	(3218, NULL, NULL, 0, 0.0000, 0, 0, '0', 'PORTA VENEZIANA SEM VIDRO 80 X 210', NULL, '3', 367.6700, NULL, '16', NULL, '2018-04-10 17:38:00', 0, NULL, NULL, NULL, NULL, NULL, NULL, NULL),
	(3219, NULL, NULL, 0, 0.0000, 0, 0, '0', 'PORTA VENEZIANA SEM VIDRO 90 X 210', NULL, '3', 389.2100, NULL, '16', NULL, '2018-04-10 17:38:00', 0, NULL, NULL, NULL, NULL, NULL, NULL, NULL),
	(3224, NULL, NULL, -7, 0.0000, 0, 0, '0', 'PUXADOR H 800 X 600 CROMADO', NULL, '3', 65.0000, 0.0000, '13', NULL, '2018-04-10 17:38:00', 0, NULL, NULL, NULL, NULL, NULL, NULL, NULL),
	(3226, NULL, NULL, 6, 0.0000, 0, 0, '0', 'SILICONE  PRETO SOUDAL', NULL, '3', 14.5000, 9.8300, '15', NULL, '2018-04-05 16:12:11', 0, NULL, NULL, NULL, NULL, NULL, NULL, NULL),
	(3301, NULL, NULL, 0, 0.0000, 0, 0, '0', '123 M CROMADA', NULL, '3', 0.0000, NULL, '7', NULL, '2018-04-10 17:38:00', 0, NULL, NULL, NULL, NULL, NULL, NULL, NULL),
	(3302, NULL, NULL, 0, 0.0000, 0, 0, '0', '123 M BRONZE', NULL, '3', 0.0000, NULL, '7', NULL, '2018-04-10 17:38:00', 0, NULL, NULL, NULL, NULL, NULL, NULL, NULL),
	(3303, NULL, NULL, 0, 0.0000, 0, 0, '0', '123 M PRETO', NULL, '3', 0.0000, NULL, '7', NULL, '2018-04-10 17:38:00', 0, NULL, NULL, NULL, NULL, NULL, NULL, NULL),
	(3304, NULL, NULL, 0, 0.0000, 0, 0, '0', '123 M BRANCA', NULL, '3', 0.0000, NULL, '7', NULL, '2018-04-10 17:38:00', 0, NULL, NULL, NULL, NULL, NULL, NULL, NULL),
	(3309, NULL, NULL, 0, 0.0000, 0, 0, '0', '126 CARRINHO PRETO', NULL, '3', 0.0000, NULL, '7', NULL, '2018-04-10 17:38:00', 0, NULL, NULL, NULL, NULL, NULL, NULL, NULL),
	(3310, NULL, NULL, 0, 0.0000, 0, 0, '0', '126 D CARRINHO DUPLO BRANCO', NULL, '3', 0.0000, NULL, '7', NULL, '2018-04-10 17:38:00', 0, NULL, NULL, NULL, NULL, NULL, NULL, NULL),
	(3315, NULL, NULL, 104, 0.0000, 0, 0, '0', '329 SUPORTE CENTRO BRANCO', NULL, '3', 0.0000, NULL, '7', NULL, '2018-02-20 14:01:07', 104, NULL, NULL, NULL, NULL, NULL, NULL, NULL),
	(3378, NULL, NULL, 78, 0.0000, 0, 0, '0', '1531  BRANCO', NULL, '3', 0.0000, NULL, '7', NULL, '2018-02-20 13:59:07', 78, NULL, NULL, NULL, NULL, NULL, NULL, NULL),
	(3433, NULL, NULL, 10, 0.0000, 0, 0, '0', 'MAO AMIGA MINI BRONZE', NULL, '3', 0.0000, NULL, '7', NULL, '2018-02-19 08:43:15', 10, NULL, NULL, NULL, NULL, NULL, NULL, NULL),
	(3434, NULL, NULL, 20, 0.0000, 0, 0, '0', 'MAO AMIGA MINI PRETO', NULL, '3', 0.0000, NULL, '7', NULL, '2018-02-19 10:24:13', 20, NULL, NULL, NULL, NULL, NULL, NULL, NULL),
	(3435, NULL, NULL, 38, 0.0000, 0, 0, '0', 'MAO AMIGA MINI BRANCO', NULL, '3', 0.0000, NULL, '7', NULL, '2018-02-20 14:00:03', 38, NULL, NULL, NULL, NULL, NULL, NULL, NULL),
	(3436, NULL, NULL, 20, 0.0000, 0, 0, '0', 'MAO AMIGA PRETO', NULL, '3', 0.0000, NULL, '7', NULL, '2018-02-19 10:24:39', 20, NULL, NULL, NULL, NULL, NULL, NULL, NULL),
	(3444, NULL, NULL, 0, 0.0000, 0, 0, '0', '128 A DOBRADICA CROMADO', NULL, '3', 0.0000, NULL, '7', NULL, '2018-04-10 17:38:00', 0, NULL, NULL, NULL, NULL, NULL, NULL, NULL),
	(3448, NULL, NULL, 0, 0.0000, 0, 0, '0', '128 B BRANCO', NULL, '3', 0.0000, NULL, '7', NULL, '2018-04-10 17:38:00', 0, NULL, NULL, NULL, NULL, NULL, NULL, NULL),
	(3449, NULL, NULL, 0, 0.0000, 0, 0, '0', '128 B CROMADO', NULL, '3', 0.0000, NULL, '7', NULL, '2018-04-10 17:38:00', 0, NULL, NULL, NULL, NULL, NULL, NULL, NULL),
	(3568, NULL, NULL, 34, 0.0000, 0, 0, '0', 'CG 083 BRONZE- SUP PANORAMICO', NULL, '3', 0.0000, NULL, '2', NULL, '2018-02-15 13:11:13', 0, NULL, NULL, NULL, NULL, NULL, NULL, NULL),
	(3569, NULL, NULL, 87, 0.0000, 1, 3, '', 'CG 075 - BRONZE- JOTA PANORAMICO', '', '3', 0.0000, NULL, '2', 0.0, '2018-02-15 13:08:13', 0, NULL, NULL, NULL, NULL, NULL, NULL, NULL),
	(3570, NULL, NULL, -31, 0.0000, 0, 0, '0', 'PUXADOR H 200 X 300 CROMADO', NULL, '3', 28.0000, 18.5000, '13', NULL, '2018-04-10 17:38:00', 0, NULL, NULL, NULL, NULL, NULL, NULL, NULL),
	(3591, NULL, NULL, -174, 0.0000, 0, 0, '0', 'CAVA/CAIXA DE LUZ', NULL, '3', 25.0000, NULL, '9', NULL, '2018-04-10 17:38:00', 0, NULL, NULL, NULL, NULL, NULL, NULL, NULL),
	(3593, NULL, NULL, -48, 0.0000, 0, 0, '0', 'FURO  50 A 100MM', NULL, '3', 10.0000, NULL, '9', NULL, '2018-04-10 17:38:00', 0, NULL, NULL, NULL, NULL, NULL, NULL, NULL),
	(3596, NULL, NULL, 0, 0.0000, 0, 0, '0', 'REBOLO DE FELTRO BIZELADORA B 75', NULL, '3', 95.0000, NULL, '16', NULL, '2018-04-10 17:38:00', 0, NULL, NULL, NULL, NULL, NULL, NULL, NULL),
	(3597, NULL, NULL, -4, 0.0000, 0, 0, '0', 'PUXADOR H 200 X 300 BRONZE', NULL, '3', 28.0000, 18.5000, '13', NULL, '2018-04-10 17:38:00', 0, NULL, NULL, NULL, NULL, NULL, NULL, NULL),
	(3598, NULL, NULL, -8, 0.0000, 0, 0, '0', 'PUXADOR H 300 X 400 BRONZE', NULL, '3', 28.0000, 18.5000, '13', NULL, '2018-04-10 17:38:00', 0, NULL, NULL, NULL, NULL, NULL, NULL, NULL),
	(3601, NULL, NULL, -120, 0.0000, 0, 0, '0', 'PUXADOR H 300 X 400 CROMADO', NULL, '3', 28.0000, 18.5000, '13', NULL, '2018-04-10 17:38:00', 0, NULL, NULL, NULL, NULL, NULL, NULL, NULL),
	(3602, NULL, NULL, 0, 0.0000, 0, 0, '0', 'BROCA DIAM. 14MM', NULL, '3', 40.4700, NULL, '16', NULL, '2018-04-10 17:38:00', 0, NULL, NULL, NULL, NULL, NULL, NULL, NULL),
	(3605, NULL, NULL, 0, 0.0000, 0, 0, '0', 'BROCA DIAM. 11MM', NULL, '3', 46.5800, NULL, '16', NULL, '2018-04-10 17:38:00', 0, NULL, NULL, NULL, NULL, NULL, NULL, NULL),
	(3606, NULL, NULL, 0, 0.0000, 0, 0, '0', 'BROCA DIAM. 20MM', NULL, '3', 50.6200, NULL, '16', NULL, '2018-04-10 17:38:00', 0, NULL, NULL, NULL, NULL, NULL, NULL, NULL),
	(3607, NULL, NULL, 0, 0.0000, 0, 0, '0', 'BROCA DIAM. 30MM', NULL, '3', 62.0000, NULL, '16', NULL, '2018-04-10 17:38:00', 0, NULL, NULL, NULL, NULL, NULL, NULL, NULL),
	(3609, NULL, NULL, 0, 0.0000, 0, 0, '0', 'REBOLO DE POLIMENTO FINO', NULL, '3', 55.0000, NULL, '16', NULL, '2018-04-10 17:38:00', 0, NULL, NULL, NULL, NULL, NULL, NULL, NULL),
	(3610, NULL, NULL, 0, 0.0000, 0, 0, '0', 'REBOLO DIAMANTADO 08MM GROSSO', NULL, '3', 405.4500, NULL, '16', NULL, '2018-04-10 17:38:00', 0, NULL, NULL, NULL, NULL, NULL, NULL, NULL),
	(3622, NULL, NULL, 0, 0.0000, 0, 0, '0', 'DISCO DE CORTE DE VIDRO 110MM', NULL, '3', 50.4800, NULL, '16', NULL, '2018-04-10 17:38:00', 0, NULL, NULL, NULL, NULL, NULL, NULL, NULL),
	(3626, NULL, NULL, 0, 0.0000, 0, 0, '0', 'BROCA DIAM. 08MM', NULL, '3', 31.7900, NULL, '16', NULL, '2018-04-10 17:38:00', 0, NULL, NULL, NULL, NULL, NULL, NULL, NULL),
	(3630, NULL, NULL, 0, 0.0000, 0, 0, '0', 'BROCA DIAM. 10MM', NULL, '3', 35.3000, NULL, '16', NULL, '2018-04-10 17:38:00', 0, NULL, NULL, NULL, NULL, NULL, NULL, NULL),
	(3632, NULL, NULL, 0, 0.0000, 0, 0, '0', 'BROCA DIAM. 23MM', NULL, '3', 55.1700, NULL, '16', NULL, '2018-04-10 17:38:00', 0, NULL, NULL, NULL, NULL, NULL, NULL, NULL),
	(3633, NULL, NULL, 0, 0.0000, 0, 0, '0', 'BROCA DIAM. 25MM', NULL, '3', 58.0800, NULL, '16', NULL, '2018-04-10 17:38:00', 0, NULL, NULL, NULL, NULL, NULL, NULL, NULL),
	(3634, NULL, NULL, 0, 0.0000, 0, 0, '0', 'REBOLO DE POLIMENTO GROSSO', NULL, '3', 55.0000, NULL, '16', NULL, '2018-04-10 17:38:00', 0, NULL, NULL, NULL, NULL, NULL, NULL, NULL),
	(3635, NULL, NULL, 0, 0.0000, 0, 0, '0', 'BROCA DIAM. 06MM', NULL, '3', 29.3900, NULL, '16', NULL, '2018-04-10 17:38:00', 0, NULL, NULL, NULL, NULL, NULL, NULL, NULL),
	(3636, NULL, NULL, 0, 0.0000, 0, 0, '0', 'BROCA DIAM. 18MM', NULL, '3', 48.5500, NULL, '16', NULL, '2018-04-10 17:38:00', 0, NULL, NULL, NULL, NULL, NULL, NULL, NULL),
	(3639, NULL, NULL, 0, 0.0000, 0, 0, '0', 'PUXADOR H 800 X 600 BRONZE', NULL, '3', 0.0000, 0.0000, '13', NULL, '2018-04-10 17:38:00', 0, NULL, NULL, NULL, NULL, NULL, NULL, NULL),
	(3640, NULL, NULL, 0, 0.0000, 0, 0, '0', 'REBOLO DIAMANTADO 06MM FINO', NULL, '3', 378.6100, NULL, '16', NULL, '2018-04-10 17:38:00', 0, NULL, NULL, NULL, NULL, NULL, NULL, NULL),
	(3641, NULL, NULL, 0, 0.0000, 0, 0, '0', 'LUBRIFIX SUPER DESINGRIPANTE 180G', NULL, '3', 5.2000, NULL, '16', NULL, '2018-04-10 17:38:00', 0, NULL, NULL, NULL, NULL, NULL, NULL, NULL),
	(3642, NULL, NULL, 0, 0.0000, 0, 0, '0', 'GRAXA ADESIVA', NULL, '3', 16.9000, NULL, '16', NULL, '2018-04-10 17:38:00', 0, NULL, NULL, NULL, NULL, NULL, NULL, NULL),
	(3643, NULL, NULL, -7, 0.0000, 1, 3, '', 'MAO DE OBRA DE BISOTE MODELADO 04 A 10MM', NULL, '2', 25.0000, NULL, '9', 0.0, NULL, NULL, NULL, NULL, NULL, NULL, NULL, NULL, NULL),
	(3645, NULL, NULL, 0, 0.0000, 0, 0, '0', 'FOLHA PAPEL A4', NULL, '3', 10.0000, NULL, '16', NULL, '2018-04-10 17:38:00', 0, NULL, NULL, NULL, NULL, NULL, NULL, NULL),
	(3650, NULL, NULL, 0, 0.0000, 0, 0, '0', 'REBOLO DIAMANTADO 04MM GROSSO', NULL, '3', 330.6900, NULL, '16', NULL, '2018-04-10 17:38:00', 0, NULL, NULL, NULL, NULL, NULL, NULL, NULL),
	(3651, NULL, NULL, 0, 0.0000, 0, 0, '0', 'REBOLO DIAMANTADO 04MM FINO', NULL, '3', 330.6900, NULL, '16', NULL, '2018-04-10 17:38:00', 0, NULL, NULL, NULL, NULL, NULL, NULL, NULL),
	(3652, NULL, NULL, 0, 0.0000, 0, 0, '0', 'REBOLO DIAMANTADO 10MM GROSSO', NULL, '3', 420.7900, NULL, '16', NULL, '2018-04-10 17:38:00', 0, NULL, NULL, NULL, NULL, NULL, NULL, NULL),
	(3654, NULL, NULL, -32, 0.0000, 0, 0, '0', '3230 CROMADO CONTRA V/A ', NULL, '3', 6.5000, 4.2900, '7', NULL, '2018-04-10 17:38:00', 0, NULL, NULL, NULL, NULL, NULL, NULL, NULL),
	(3655, NULL, NULL, 0, 0.0000, 0, 0, '0', 'PUXADOR H 200 X 300 - PRETO', NULL, '3', 28.0000, 18.5000, '13', NULL, '2018-04-10 17:38:00', 0, NULL, NULL, NULL, NULL, NULL, NULL, NULL),
	(3670, NULL, NULL, 0, 0.0000, 0, 0, '0', 'AL 69 - NAT. FOSCO', NULL, '3', 45.4500, 37.8800, '2', NULL, '2019-09-28 11:08:38', 2, NULL, NULL, NULL, NULL, NULL, NULL, NULL),
	(3671, NULL, NULL, 0, 0.0000, 0, 0, '0', 'REBOLO DE FILETE RESINA AL 06 LATTUADA', NULL, '3', 36.9000, NULL, '16', NULL, '2018-04-10 17:38:00', 0, NULL, NULL, NULL, NULL, NULL, NULL, NULL),
	(3672, NULL, NULL, 0, 0.0000, 0, 0, '0', 'REBOLO POLIMENTO COPO AA40 AL 06 LATTUADA', NULL, '3', 64.8000, NULL, '16', NULL, '2018-04-10 17:38:00', 0, NULL, NULL, NULL, NULL, NULL, NULL, NULL),
	(3674, NULL, NULL, 0, 0.0000, 0, 0, '0', 'PUXADOR H 800 X 600 PRETO', NULL, '3', 0.0000, 0.0000, '13', NULL, '2018-04-10 17:38:00', 0, NULL, NULL, NULL, NULL, NULL, NULL, NULL),
	(3675, NULL, NULL, 0, 0.0000, 0, 0, '0', 'OXIDO DE CERIO', NULL, '3', 112.0000, NULL, '16', NULL, '2018-04-10 17:38:00', 0, NULL, NULL, NULL, NULL, NULL, NULL, NULL),
	(3676, NULL, NULL, -22, 0.0000, 0, 0, '0', 'FURO - BOJO', NULL, '3', 50.0000, NULL, '9', NULL, '2018-04-10 17:38:00', 0, NULL, NULL, NULL, NULL, NULL, NULL, NULL),
	(3677, NULL, NULL, 0, 0.0000, 0, 0, '0', 'PUXADOR H 1000 X 800 - CROMADO', NULL, '3', 0.0000, NULL, '13', NULL, '2018-04-10 17:38:00', 0, NULL, NULL, NULL, NULL, NULL, NULL, NULL),
	(3680, NULL, NULL, 0, 0.0000, 0, 0, '0', 'REBOLO DIAMANTE AL 6 LATTUADA  POS 2', NULL, '3', 400.5000, NULL, '16', NULL, '2018-04-10 17:38:00', 0, NULL, NULL, NULL, NULL, NULL, NULL, NULL),
	(3689, NULL, NULL, -11, 0.0000, 1, 3, '', 'MAO DE OBRA DE LAPIDACAO 12 A 19MM', NULL, '2', 25.0000, NULL, '9', 0.0, NULL, NULL, NULL, NULL, NULL, NULL, NULL, NULL, NULL),
	(3690, NULL, NULL, 45, 0.0000, 0, 0, '0', 'CG 074 - BRANCO- CAPA PANORAMICO', NULL, '3', 0.0000, NULL, '2', NULL, '2018-02-15 13:15:05', 0, NULL, NULL, NULL, NULL, NULL, NULL, NULL),
	(3691, NULL, NULL, -98, 0.0000, 1, 3, '', 'MAO DE OBRA DE CORTE', '', '3', 4.0000, NULL, '9', 0.0, '2018-04-10 17:38:00', 0, NULL, NULL, NULL, NULL, NULL, NULL, NULL),
	(3694, NULL, NULL, 0, 0.0000, 0, 0, '0', 'BROCA DIAM. 28MM', NULL, '3', 59.1100, NULL, '16', NULL, '2018-04-10 17:38:00', 0, NULL, NULL, NULL, NULL, NULL, NULL, NULL),
	(3695, NULL, NULL, 0, 0.0000, 0, 0, '0', 'BROCA DIAM. 35MM', NULL, '3', 69.0500, NULL, '16', NULL, '2018-04-10 17:38:00', 0, NULL, NULL, NULL, NULL, NULL, NULL, NULL),
	(3696, NULL, NULL, 0, 0.0000, 0, 0, '0', 'BROCA DIAM. 40MM', NULL, '3', 74.6400, NULL, '16', NULL, '2018-04-10 17:38:00', 0, NULL, NULL, NULL, NULL, NULL, NULL, NULL),
	(3697, NULL, NULL, 0, 0.0000, 0, 0, '0', 'BROCA DIAM. 45MM', NULL, '3', 78.6800, NULL, '16', NULL, '2018-04-10 17:38:00', 0, NULL, NULL, NULL, NULL, NULL, NULL, NULL),
	(3698, NULL, NULL, 0, 0.0000, 0, 0, '0', 'BROCA DIAM. 50MM', NULL, '3', 83.0300, NULL, '16', NULL, '2018-04-10 17:38:00', 0, NULL, NULL, NULL, NULL, NULL, NULL, NULL),
	(3699, NULL, NULL, 0, 0.0000, 0, 0, '0', 'BROCA DIAM. 65MM', NULL, '3', 107.2400, NULL, '16', NULL, '2018-04-10 17:38:00', 0, NULL, NULL, NULL, NULL, NULL, NULL, NULL),
	(3700, NULL, NULL, 0, 0.0000, 0, 0, '0', 'BROCA DIAM. 70MM', NULL, '3', 121.0100, NULL, '16', NULL, '2018-04-10 17:38:00', 0, NULL, NULL, NULL, NULL, NULL, NULL, NULL),
	(3701, NULL, NULL, 0, 0.0000, 0, 0, '0', 'BROCA DIAM. 80MM', NULL, '3', 136.7500, NULL, '16', NULL, '2018-04-10 17:38:00', 0, NULL, NULL, NULL, NULL, NULL, NULL, NULL),
	(3702, NULL, NULL, 0, 0.0000, 0, 0, '0', 'BROCA DIAM. 100MM', NULL, '3', 184.0500, NULL, '16', NULL, '2018-04-10 17:38:00', 0, NULL, NULL, NULL, NULL, NULL, NULL, NULL),
	(3703, NULL, NULL, 0, 0.0000, 0, 0, '0', 'BROCA DIAM. 120MM', NULL, '3', 276.3900, NULL, '16', NULL, '2018-04-10 17:38:00', 0, NULL, NULL, NULL, NULL, NULL, NULL, NULL),
	(3705, NULL, NULL, 0, 0.0000, 0, 0, '0', 'REBOLO DIAMANTADO 06MM GROSSO', NULL, '3', 378.6100, NULL, '16', NULL, '2018-04-10 17:38:00', 0, NULL, NULL, NULL, NULL, NULL, NULL, NULL),
	(3707, NULL, NULL, 14, 0.0000, 0, 0, '0', 'SILICONE BRONZE SOUDAL ', NULL, '3', 14.5000, 9.8300, '15', NULL, '2018-04-05 16:12:04', 0, NULL, NULL, NULL, NULL, NULL, NULL, NULL),
	(3710, NULL, NULL, 0, 0.0000, 0, 0, '0', 'REBOLO RESINA 150X45X11/700 POS 4 BIZELADORA B75', NULL, '3', 441.3500, NULL, '16', NULL, '2018-04-10 17:38:00', 0, NULL, NULL, NULL, NULL, NULL, NULL, NULL),
	(3711, NULL, NULL, 0, 0.0000, 0, 0, '0', 'ESCARIADOR 14MM', NULL, '3', 40.5800, NULL, '16', NULL, '2018-04-10 17:38:00', 0, NULL, NULL, NULL, NULL, NULL, NULL, NULL),
	(3712, NULL, NULL, 0, 0.0000, 0, 0, '0', 'REBOLO COPO AA 40GR', NULL, '3', 64.8000, NULL, '16', NULL, '2018-04-10 17:38:00', 0, NULL, NULL, NULL, NULL, NULL, NULL, NULL),
	(3713, NULL, NULL, 28, 0.0000, 0, 0, '0', 'CG 077 - BRONZE-COLUNA PANORAMICO', NULL, '3', 0.0000, NULL, '2', NULL, '2018-02-15 13:16:51', 0, NULL, NULL, NULL, NULL, NULL, NULL, NULL),
	(3714, NULL, NULL, 35, 0.0000, 0, 0, '0', 'CG 077 BRANCO-COLUNA PANORAMICO', NULL, '3', 0.0000, NULL, '2', NULL, '2018-02-15 13:17:08', 0, NULL, NULL, NULL, NULL, NULL, NULL, NULL),
	(3715, NULL, NULL, 20, 0.0000, 0, 0, '0', 'CG 083 BRANCO- SUP PANORAMICO', NULL, '3', 0.0000, NULL, '2', NULL, '2018-02-15 13:11:26', 0, NULL, NULL, NULL, NULL, NULL, NULL, NULL),
	(3718, NULL, NULL, 0, 0.0000, 0, 0, '0', 'REBOLO COPO POLIMENTO AA150 AL 06 LATTUADA', NULL, '3', 64.8000, NULL, '16', NULL, '2018-04-10 17:38:00', 0, NULL, NULL, NULL, NULL, NULL, NULL, NULL),
	(3719, NULL, NULL, 0, 0.0000, 0, 0, '0', 'BROCA DIAM. 15 MM', NULL, '3', 46.5800, NULL, '16', NULL, '2018-04-10 17:38:00', 0, NULL, NULL, NULL, NULL, NULL, NULL, NULL),
	(3811, NULL, NULL, 0, 0.0000, 0, 0, '0', 'ROLDANA EXCENTRICA', NULL, '3', 0.0000, NULL, '7', NULL, '2018-04-10 17:38:00', 0, NULL, NULL, NULL, NULL, NULL, NULL, NULL),
	(3813, NULL, NULL, 0, 0.0000, 0, 0, '0', 'PUXADOR H 200 X 300 BRANCO', NULL, '3', 28.0000, 18.5000, '13', NULL, '2018-04-10 17:38:00', 0, NULL, NULL, NULL, NULL, NULL, NULL, NULL),
	(3815, NULL, NULL, -31, 0.0000, 0, 0, '0', 'TAMPA TUBO 2 X 2 CINZA', NULL, '3', 1.5000, 0.5000, '13', NULL, '2018-04-10 17:38:00', 0, NULL, NULL, NULL, NULL, NULL, NULL, NULL),
	(3816, NULL, NULL, 0, 0.0000, 0, 0, '0', 'REBOLO DIAMANTADO RETO 12MM MODELADA GR GOSSA', NULL, '3', 304.2000, NULL, '16', NULL, '2018-04-10 17:38:00', 0, NULL, NULL, NULL, NULL, NULL, NULL, NULL),
	(3817, NULL, NULL, 0, 0.0000, 0, 0, '0', 'REBOLO DIAMANTADO AL 6 POS. 1 LATTUADA', NULL, '3', 336.6000, NULL, '16', NULL, '2018-04-10 17:38:00', 0, NULL, NULL, NULL, NULL, NULL, NULL, NULL),
	(3818, NULL, NULL, 0, 0.0000, 0, 0, '0', 'REBOLO DIAMANTADO RETO 19MM MODELADA GR GROSSA', NULL, '3', 357.3000, NULL, '16', NULL, '2018-04-10 17:38:00', 0, NULL, NULL, NULL, NULL, NULL, NULL, NULL),
	(3819, NULL, NULL, 0, 0.0000, 0, 0, '0', 'REBOLO DIAMANTADO RETO 15MM - MODELADA POLIM. SERA', NULL, '3', 316.0000, NULL, '16', NULL, '2018-04-10 17:38:00', 0, NULL, NULL, NULL, NULL, NULL, NULL, NULL),
	(3820, NULL, NULL, -22, 0.0000, 0, 0, '0', 'PUXADOR INOX 300 X 450', NULL, '3', 39.0000, 28.0000, '13', NULL, '2019-10-01 09:10:43', 4, NULL, NULL, NULL, NULL, NULL, NULL, NULL),
	(3821, NULL, NULL, -5, 0.0000, 0, 0, '0', 'PUXADOR H 300 X 400 BRANCO', NULL, '3', 28.0000, 18.5000, '13', NULL, '2018-04-10 17:38:00', 0, NULL, NULL, NULL, NULL, NULL, NULL, NULL),
	(3822, NULL, NULL, 0, 0.0000, 0, 0, '0', 'REBOLO POLIMENTO AA40 MODELADA', NULL, '3', 0.0000, NULL, '16', NULL, '2018-04-10 17:38:00', 0, NULL, NULL, NULL, NULL, NULL, NULL, NULL),
	(3825, NULL, NULL, -5, 0.0000, 0, 0, '0', 'PUXADOR H 600 X 400 CROMADO', NULL, '3', 50.0000, 32.0000, '13', NULL, '2018-04-10 17:38:00', 0, NULL, NULL, NULL, NULL, NULL, NULL, NULL),
	(3826, NULL, NULL, -1, 0.0000, 0, 0, '0', 'TAMPA CG83', NULL, '3', 2.5000, NULL, '13', NULL, '2018-04-10 17:38:00', 0, NULL, NULL, NULL, NULL, NULL, NULL, NULL),
	(3827, NULL, NULL, 0, 0.0000, 0, 0, '0', 'LIXA P 400 CINTA', NULL, '3', 4.1000, NULL, '16', NULL, '2018-04-10 17:38:00', 0, NULL, NULL, NULL, NULL, NULL, NULL, NULL),
	(3828, NULL, NULL, 0, 0.0000, 0, 0, '0', 'PROLONGADOR 100 x 400', NULL, '3', 12.2000, 8.4000, '7', NULL, '2018-04-10 17:38:00', 0, NULL, NULL, NULL, NULL, NULL, NULL, NULL),
	(3830, NULL, NULL, 0, 0.0000, 0, 0, '0', 'ESCARIADOR 15 MM', NULL, '3', 0.0000, NULL, '16', NULL, '2018-04-10 17:38:00', 0, NULL, NULL, NULL, NULL, NULL, NULL, NULL),
	(3831, NULL, NULL, 0, 0.0000, 0, 0, '0', 'ESCARIADOR 20 MM', NULL, '3', 0.0000, NULL, '16', NULL, '2018-04-10 17:38:00', 0, NULL, NULL, NULL, NULL, NULL, NULL, NULL),
	(3832, NULL, NULL, 0, 0.0000, 0, 0, '0', 'PIO', NULL, '3', 0.0000, NULL, '16', NULL, '2018-04-10 17:38:00', 0, NULL, NULL, NULL, NULL, NULL, NULL, NULL),
	(3833, NULL, NULL, 0, 0.0000, 0, 0, '0', 'CARRITEL', NULL, '3', 0.0000, NULL, '16', NULL, '2018-04-10 17:38:00', 0, NULL, NULL, NULL, NULL, NULL, NULL, NULL),
	(3834, NULL, NULL, 0, 0.0000, 0, 0, '0', 'LIXA DISCO 60', NULL, '3', 3.0800, NULL, '16', NULL, '2018-04-10 17:38:00', 0, NULL, NULL, NULL, NULL, NULL, NULL, NULL),
	(3836, NULL, NULL, 0, 0.0000, 0, 0, '0', 'REBOLO OXIDO DE SEIO MODELADA', NULL, '3', 0.0000, NULL, '16', NULL, '2018-04-10 17:38:00', 0, NULL, NULL, NULL, NULL, NULL, NULL, NULL),
	(3837, NULL, NULL, 0, 0.0000, 0, 0, '0', 'REBOLO DIAMANTADO MODELADA 8MM/10MM', NULL, '3', 0.0000, NULL, '16', NULL, '2018-04-10 17:38:00', 0, NULL, NULL, NULL, NULL, NULL, NULL, NULL),
	(3838, NULL, NULL, 0, 0.0000, 0, 0, '0', 'REBOLO DIAMANTADO MODELADA FINO 30G 12MM', NULL, '3', 0.0000, NULL, '16', NULL, '2018-04-10 17:38:00', 0, NULL, NULL, NULL, NULL, NULL, NULL, NULL),
	(3839, NULL, NULL, 0, 0.0000, 0, 0, '0', 'REBOLO DIAMANTADO MODELADA GROSSO 30G 12MM DESPOST', NULL, '3', 0.0000, NULL, '16', NULL, '2018-04-10 17:38:00', 0, NULL, NULL, NULL, NULL, NULL, NULL, NULL),
	(3840, NULL, NULL, 0, 0.0000, 0, 0, '0', 'REBOLO DIAMANTADO MODELADA GROSSO 30G 12MM', NULL, '3', 0.0000, NULL, '16', NULL, '2018-04-10 17:38:00', 0, NULL, NULL, NULL, NULL, NULL, NULL, NULL),
	(3841, NULL, NULL, 0, 0.0000, 0, 0, '0', 'REBOLO DIAMANTADO MODELADA GR FINA 30G 12MM C/FILE', NULL, '3', 0.0000, NULL, '16', NULL, '2018-04-10 17:38:00', 0, NULL, NULL, NULL, NULL, NULL, NULL, NULL),
	(3842, NULL, NULL, 0, 0.0000, 0, 0, '0', 'BIZELADORA B75 RESINA C/FILETE POSIO 5', NULL, '3', 0.0000, NULL, '16', NULL, '2018-04-10 17:38:00', 0, NULL, NULL, NULL, NULL, NULL, NULL, NULL),
	(3843, NULL, NULL, 0, 0.0000, 0, 0, '0', 'BIZELADORA B75 DIAMANTE POSIO 2', NULL, '3', 0.0000, NULL, '16', NULL, '2018-04-10 17:38:00', 0, NULL, NULL, NULL, NULL, NULL, NULL, NULL),
	(3844, NULL, NULL, 0, 0.0000, 0, 0, '0', 'REBOLO DIAMANTADO MODELADA 20 MM', NULL, '3', 0.0000, NULL, '16', NULL, '2018-04-10 17:38:00', 0, NULL, NULL, NULL, NULL, NULL, NULL, NULL),
	(3845, NULL, NULL, 0, 0.0000, 0, 0, '0', 'MODELADA REBOLO POLIMENTO ABRASIPA', NULL, '3', 0.0000, NULL, '16', NULL, '2018-04-10 17:38:00', 0, NULL, NULL, NULL, NULL, NULL, NULL, NULL),
	(3846, NULL, NULL, 0, 0.0000, 0, 0, '0', 'PROLONGADOR 50 x 400', NULL, '3', 9.8000, 6.4700, '7', NULL, '2018-04-10 17:38:00', 0, NULL, NULL, NULL, NULL, NULL, NULL, NULL),
	(3848, NULL, NULL, 54, 0.0000, 0, 0, '0', 'PUXADOR H 300X 400 PRETO', NULL, '3', 28.0000, 18.5000, '13', NULL, '2019-09-30 16:18:46', 55, NULL, NULL, NULL, NULL, NULL, NULL, NULL),
	(3852, NULL, NULL, -20, 0.0000, 0, 0, '0', 'BATE FECHA V/V BRONZE', NULL, '3', 22.5000, 15.7500, '7', NULL, '2018-02-19 09:11:30', 9, NULL, NULL, NULL, NULL, NULL, NULL, NULL),
	(3854, NULL, NULL, 47, 0.0000, 0, 0, '0', 'SILICONE ALUMNIO SOUDAL ', NULL, '3', 14.5000, 9.8300, '15', NULL, '2018-04-05 16:12:08', 0, NULL, NULL, NULL, NULL, NULL, NULL, NULL),
	(3857, NULL, NULL, -21, 0.0000, 0, 0, '0', 'PROLONGADOR 25 x 400', NULL, '3', 7.1500, 4.9000, '7', NULL, '2018-04-10 17:38:00', 0, NULL, NULL, NULL, NULL, NULL, NULL, NULL),
	(3860, NULL, NULL, 5, 0.0000, 0, 0, '0', 'BATE FECHA V/A BRONZE', NULL, '3', 16.3000, 10.1000, '7', NULL, '2018-02-19 09:12:01', 17, NULL, NULL, NULL, NULL, NULL, NULL, NULL),
	(3869, NULL, NULL, 32, 0.0000, 0, 0, '0', 'BATE FECHA PRETO V/V', NULL, '3', 22.5000, 15.7500, '7', NULL, '2018-02-19 10:25:39', 32, NULL, NULL, NULL, NULL, NULL, NULL, NULL),
	(3870, NULL, NULL, 27, 0.0000, 0, 0, '0', 'BATE FECHA V/A BRANCA', NULL, '3', 16.3000, 10.1000, '7', NULL, '2018-02-20 14:08:32', 34, NULL, NULL, NULL, NULL, NULL, NULL, NULL),
	(3871, NULL, NULL, 22, 0.0000, 0, 0, '0', 'BATE FECHA V/V BRANCA', NULL, '3', 22.5000, 15.7500, '7', NULL, '2018-02-20 14:08:00', 23, NULL, NULL, NULL, NULL, NULL, NULL, NULL),
	(3872, NULL, NULL, 0, 0.0000, 0, 0, '0', 'AL 69 BRANCO', NULL, '3', 0.0000, NULL, '2', NULL, '2018-04-10 17:38:00', 0, NULL, NULL, NULL, NULL, NULL, NULL, NULL),
	(3883, NULL, NULL, 33, 0.0000, 0, 0, '0', 'SILICONE FIXA ESPELHO SOUDAL ', NULL, '3', 22.8000, 15.7200, '15', NULL, '2018-04-05 16:12:14', 0, NULL, NULL, NULL, NULL, NULL, NULL, NULL),
	(3901, NULL, NULL, 17, 0.0000, 0, 0, '0', 'CG 077 - PRETO--COLUNA PANORAMICO', NULL, '3', 0.0000, NULL, '2', NULL, '2018-02-15 13:17:22', 0, NULL, NULL, NULL, NULL, NULL, NULL, NULL),
	(3917, NULL, NULL, 0, 0.0000, 0, 0, '0', 'REBOLO COPO 150X40X50 AA80GR BOTTERO', NULL, '3', 0.0000, NULL, '16', NULL, '2018-04-10 17:38:00', 0, NULL, NULL, NULL, NULL, NULL, NULL, NULL),
	(3918, NULL, NULL, 0, 0.0000, 0, 0, '0', 'REBOLO COPO 150X40X50 AA40GR BOTTERO', NULL, '3', 64.8000, NULL, '16', NULL, '2018-04-10 17:38:00', 0, NULL, NULL, NULL, NULL, NULL, NULL, NULL),
	(3919, NULL, NULL, 0, 0.0000, 0, 0, '0', 'REBOLO COPO FILETE 150X40X50 RUC 280AB', NULL, '3', 100.0000, NULL, '16', NULL, '2018-04-10 17:38:00', 0, NULL, NULL, NULL, NULL, NULL, NULL, NULL),
	(3921, NULL, NULL, 0, 0.0000, 0, 0, '0', 'REBOLO DTD CP BOT VISION 910 POS 1 (L)', NULL, '3', 350.1000, NULL, '16', NULL, '2018-04-10 17:38:00', 0, NULL, NULL, NULL, NULL, NULL, NULL, NULL),
	(3922, NULL, NULL, 0, 0.0000, 0, 0, '0', 'REBOLO DTD CP BOT VISION 910 POS 2 (G)', NULL, '3', 400.9500, NULL, '16', NULL, '2018-04-10 17:38:00', 0, NULL, NULL, NULL, NULL, NULL, NULL, NULL),
	(3923, NULL, NULL, 0, 0.0000, 0, 0, '0', 'REBOLO DTD CP BOT VISION 910 POS 3 (F)', NULL, '3', 400.9500, NULL, '16', NULL, '2018-04-10 17:38:00', 0, NULL, NULL, NULL, NULL, NULL, NULL, NULL),
	(3924, NULL, NULL, 0, 0.0000, 0, 0, '0', 'REBOLO RES CP BOT VISION 910 POS 3 (F)', NULL, '3', 364.5000, NULL, '16', NULL, '2018-04-10 17:38:00', 0, NULL, NULL, NULL, NULL, NULL, NULL, NULL),
	(3925, NULL, NULL, 0, 0.0000, 0, 0, '0', 'REBOLO RES CP BOT VISION 910 POS 4 (Q)', NULL, '3', 364.5000, NULL, '16', NULL, '2018-04-10 17:38:00', 0, NULL, NULL, NULL, NULL, NULL, NULL, NULL),
	(3926, NULL, NULL, 0, 0.0000, 0, 0, '0', 'REBOLO RES CP BOT VISION 910 POS 5 (Y)', NULL, '3', 364.5000, NULL, '16', NULL, '2018-04-10 17:38:00', 0, NULL, NULL, NULL, NULL, NULL, NULL, NULL),
	(3927, NULL, NULL, 0, 0.0000, 0, 0, '0', 'REBOLO RES CP BOT VISION 910 POS 6 (W)', NULL, '3', 364.5000, NULL, '16', NULL, '2018-04-10 17:38:00', 0, NULL, NULL, NULL, NULL, NULL, NULL, NULL),
	(3928, NULL, NULL, 0, 0.0000, 0, 0, '0', 'REBOLO DTD CP BOT VITRALUX 110 POS 1 (P)', NULL, '3', 400.9500, NULL, '16', NULL, '2018-04-10 17:38:00', 0, NULL, NULL, NULL, NULL, NULL, NULL, NULL),
	(3929, NULL, NULL, 0, 0.0000, 0, 0, '0', 'REBOLO DTD CP BOT VITRALUX 110 POS 2 (G)', NULL, '3', 400.9500, NULL, '16', NULL, '2018-04-10 17:38:00', 0, NULL, NULL, NULL, NULL, NULL, NULL, NULL),
	(3930, NULL, NULL, 0, 0.0000, 0, 0, '0', 'REBOLO RES CP BOT 810/110 POS 3 FILET (N)', NULL, '3', 364.5000, NULL, '16', NULL, '2018-04-10 17:38:00', 0, NULL, NULL, NULL, NULL, NULL, NULL, NULL),
	(3932, NULL, NULL, 16, 0.0000, 1, 3, '', 'CG 075 - BRANCO- JOTA PANORAMICO', '', '3', 0.0000, NULL, '2', 0.0, '2018-02-15 13:08:26', 0, NULL, NULL, NULL, NULL, NULL, NULL, NULL),
	(3947, NULL, NULL, 189, 0.0000, 0, 0, '0', 'AL 43 - NAT. FOSCO- TAPA CANAL', NULL, '3', 9.0000, 6.3900, '2', NULL, '2019-09-28 10:42:09', 244, NULL, NULL, NULL, NULL, NULL, NULL, NULL),
	(3951, NULL, NULL, 70, 0.0000, 0, 0, '0', 'AL 49 - NAT. FOSCO- TRILHO SUPERIOR', NULL, '3', 77.5000, 51.7100, '2', NULL, '2019-10-17 16:20:52', 81, NULL, NULL, NULL, NULL, NULL, NULL, NULL),
	(3953, NULL, NULL, 66, 0.0000, 0, 0, '0', 'AL 50 - NAT. FOSCO- CAPA', NULL, '3', 32.0000, 24.6100, '2', NULL, '2019-10-17 16:21:39', 78, NULL, NULL, NULL, NULL, NULL, NULL, NULL),
	(3960, NULL, NULL, 80, 0.0000, 0, 0, '0', 'AL 66 - NAT. FOSCO- TADEU 8MM', NULL, '3', 19.5000, 14.0000, '2', NULL, '2019-10-17 16:20:12', 102, NULL, NULL, NULL, NULL, NULL, NULL, NULL),
	(3961, NULL, NULL, 110, 0.0000, 0, 0, '0', 'AL 67 - NAT. FOSCO- TADEU 10MM', NULL, '3', 20.7500, 16.8000, '2', NULL, '2019-10-17 16:19:18', 114, NULL, NULL, NULL, NULL, NULL, NULL, NULL),
	(3963, NULL, NULL, 0, 0.0000, 0, 0, '0', 'AL 68 - NAT. FOSCO', NULL, '3', 125.0000, 102.9700, '2', NULL, '2019-09-28 11:07:54', 2, NULL, NULL, NULL, NULL, NULL, NULL, NULL),
	(3966, NULL, NULL, 88, 0.0000, 0, 0, '0', 'AL 75 - NAT. FOSCO- TR INFERIOR', NULL, '3', 40.0000, 36.8600, '2', NULL, '2019-10-17 16:21:12', 99, NULL, NULL, NULL, NULL, NULL, NULL, NULL),
	(3969, NULL, NULL, 125, 0.0000, 0, 0, '0', 'AL 63 - NAT. FOSCO- ENCONTRO', NULL, '3', 16.5000, 16.5000, '2', NULL, '2019-09-28 10:59:19', 155, NULL, NULL, NULL, NULL, NULL, NULL, NULL),
	(3980, NULL, NULL, 16, 0.0000, 0, 0, '0', 'CG 074 - NAT. FOSCO- CAPA PANORAMICO', NULL, '3', 0.0000, NULL, '2', NULL, '2018-02-15 13:14:33', 0, NULL, NULL, NULL, NULL, NULL, NULL, NULL),
	(3981, NULL, NULL, 61, 0.0000, 1, 3, '', 'CG 074 - BRONZE- CAPA PANORAMICO', '', '3', 0.0000, NULL, '2', 0.0, '2018-02-15 13:14:50', 0, NULL, NULL, NULL, NULL, NULL, NULL, NULL),
	(3983, NULL, NULL, 75, 0.0000, 0, 0, '0', 'CG 075 - NAT. FOSCO- JOTA PANORAMICO', NULL, '3', 0.0000, NULL, '2', NULL, '2018-02-15 13:07:54', 0, NULL, NULL, NULL, NULL, NULL, NULL, NULL),
	(3985, NULL, NULL, 34, 0.0000, 0, 0, '0', 'CG 077 - NAT. FOSCO-COLUNA PANORAMICO', NULL, '3', 0.0000, NULL, '2', NULL, '2018-02-15 13:16:25', 0, NULL, NULL, NULL, NULL, NULL, NULL, NULL),
	(3986, NULL, NULL, 28, 0.0000, 0, 0, '0', 'CG 083 -NAT FOSCO- SUP PANORAMICO', NULL, '3', 0.0000, NULL, '2', NULL, '2018-02-15 13:10:38', 0, NULL, NULL, NULL, NULL, NULL, NULL, NULL),
	(3987, NULL, NULL, 12, 0.0000, 1, 3, '', 'CG 083 - PRETO- SUP PANORAMICO', '', '3', 0.0000, NULL, '2', 0.0, '2018-02-15 13:11:38', 0, NULL, NULL, NULL, NULL, NULL, NULL, NULL),
	(3991, NULL, NULL, -9, 0.0000, 0, 0, '0', 'TUBO 2X2 - FOSCO ', NULL, '3', 93.4200, 61.5600, '2', NULL, '2019-09-28 11:18:31', 7, NULL, NULL, NULL, NULL, NULL, NULL, NULL),
	(4005, NULL, NULL, -5, 0.0000, 0, 0, '0', 'AL 15 - NAT. FOSCO- VEDA FRESTA', NULL, '3', 22.0000, 13.0000, '2', NULL, '2019-10-01 09:08:33', 1, NULL, NULL, NULL, NULL, NULL, NULL, NULL),
	(4056, NULL, NULL, -197, 0.0000, 0, 0, '0', 'CUNHO DE REGULAGEM', NULL, '3', 21.7500, NULL, '13', NULL, '2018-04-10 17:38:00', 0, NULL, NULL, NULL, NULL, NULL, NULL, NULL),
	(4057, NULL, NULL, 0, 0.0000, 0, 0, '0', 'REBOLOD DIAMANTADO 05MM - GROSSO', NULL, '3', 310.0000, NULL, '16', NULL, '2018-04-10 17:38:00', 0, NULL, NULL, NULL, NULL, NULL, NULL, NULL),
	(4063, NULL, NULL, -93, 0.0000, 0, 0, '0', 'BICO DE TUCANO GRANDE', NULL, '3', 11.0000, 7.4500, '13', NULL, '2018-04-10 17:38:00', 0, NULL, NULL, NULL, NULL, NULL, NULL, NULL),
	(4069, NULL, NULL, -137, 0.0000, 0, 0, '0', 'BICO DE TUCANO PEQUENO', NULL, '3', 5.8000, 3.8500, '13', NULL, '2018-04-10 17:38:00', 0, NULL, NULL, NULL, NULL, NULL, NULL, NULL),
	(4188, NULL, NULL, 29, 0.0000, 0, 0, '0', 'BATE FECHA PRETO V/A', NULL, '3', 16.3000, 10.1000, '7', NULL, '2018-02-19 10:25:13', 43, NULL, NULL, NULL, NULL, NULL, NULL, NULL),
	(4190, NULL, NULL, 21, 0.0000, 0, 0, '0', 'PONTALETE P/ CG 77 DE 60CM', NULL, '3', 10.0000, 6.6500, '13', NULL, '2018-04-10 17:38:00', 0, NULL, NULL, NULL, NULL, NULL, NULL, NULL),
	(4194, NULL, NULL, 0, 0.0000, 0, 0, '0', 'REBOLOD DIAMANTADO 05MM - FINO', NULL, '3', 310.0000, NULL, '16', NULL, '2018-04-10 17:38:00', 0, NULL, NULL, NULL, NULL, NULL, NULL, NULL),
	(4203, NULL, NULL, 0, 0.0000, 0, 0, '0', 'REB RES CP PERSON BISEL POS 2 (G)', NULL, '3', 382.5000, NULL, '16', NULL, '2018-04-10 17:38:00', 0, NULL, NULL, NULL, NULL, NULL, NULL, NULL),
	(4204, NULL, NULL, -108, 0.0000, 1, 3, '', 'SILICONE TRANSPARENTE SOUDAL ', '', '3', 12.9500, 8.9100, '15', 0.0, '2018-04-05 16:12:18', 0, NULL, NULL, NULL, NULL, NULL, NULL, NULL),
	(4205, NULL, NULL, 10, 0.0000, 0, 0, '0', 'PONTALETE P/ TUBO 2X2 DE 60CM', NULL, '3', 12.0000, 7.9500, '13', NULL, '2018-04-10 17:38:00', 0, NULL, NULL, NULL, NULL, NULL, NULL, NULL),
	(4213, NULL, NULL, 0, 0.0000, 0, 0, '0', 'REBOLO COPO BOTTERO 910 POS 1 80', NULL, '3', 561.0100, NULL, '16', NULL, '2018-04-10 17:38:00', 0, NULL, NULL, NULL, NULL, NULL, NULL, NULL),
	(4214, NULL, NULL, 0, 0.0000, 0, 0, '0', 'REBOLO COPO BOTTERO 910 POS 2 140', NULL, '3', 519.7600, NULL, '16', NULL, '2018-04-10 17:38:00', 0, NULL, NULL, NULL, NULL, NULL, NULL, NULL),
	(4215, NULL, NULL, 0, 0.0000, 0, 0, '0', 'ALICATE DESTACADOR', NULL, '3', 35.0000, NULL, '16', NULL, '2018-04-10 17:38:00', 0, NULL, NULL, NULL, NULL, NULL, NULL, NULL),
	(4220, NULL, NULL, 0, 0.0000, 0, 0, '0', 'REBOLO DE POLIMENTO 100X30X22 AA80GR', NULL, '3', 36.4000, NULL, '16', NULL, '2018-04-10 17:38:00', 0, NULL, NULL, NULL, NULL, NULL, NULL, NULL),
	(4221, NULL, NULL, 0, 0.0000, 0, 0, '0', 'REBOLO DE POLIMENTO 100X30X22 AA150GR', NULL, '3', 36.4000, NULL, '16', NULL, '2018-04-10 17:38:00', 0, NULL, NULL, NULL, NULL, NULL, NULL, NULL),
	(4228, NULL, NULL, 0, 0.0000, 0, 0, '0', 'REBOLO DE POLIMENTO ORION', NULL, '3', 20.0000, NULL, '16', NULL, '2018-04-10 17:38:00', 0, NULL, NULL, NULL, NULL, NULL, NULL, NULL),
	(4233, NULL, NULL, 0, 0.0000, 0, 0, '0', 'AL 69 - PRETO', NULL, '3', 0.0000, NULL, '2', NULL, '2018-04-10 17:38:00', 0, NULL, NULL, NULL, NULL, NULL, NULL, NULL),
	(4234, NULL, NULL, 0, 0.0000, 0, 0, '0', 'BROCA 60MM', NULL, '3', 110.0000, NULL, '16', NULL, '2018-04-10 17:38:00', 0, NULL, NULL, NULL, NULL, NULL, NULL, NULL),
	(4237, NULL, NULL, 0, 0.0000, 0, 0, '0', 'REBOLO DE FELTRO ASPIRALADO', NULL, '3', 65.0000, NULL, '16', NULL, '2018-04-10 17:38:00', 0, NULL, NULL, NULL, NULL, NULL, NULL, NULL),
	(4240, NULL, NULL, 0, 0.0000, 0, 0, '0', 'VENTOSA 2 PERNAS', NULL, '3', 38.5000, 24.0500, '13', NULL, '2018-04-10 17:38:00', 0, NULL, NULL, NULL, NULL, NULL, NULL, NULL),
	(4244, NULL, NULL, 0, 0.0000, 0, 0, '0', 'DIAMANTE CORTADOR DE VIDRO STARK', NULL, '3', 100.0000, NULL, '16', NULL, '2018-04-10 17:38:00', 0, NULL, NULL, NULL, NULL, NULL, NULL, NULL),
	(4251, NULL, NULL, 0, 0.0000, 0, 0, '0', 'ESCARIADOR CONICO 6 A 32MM', NULL, '3', 103.2900, NULL, '16', NULL, '2018-04-10 17:38:00', 0, NULL, NULL, NULL, NULL, NULL, NULL, NULL),
	(4252, NULL, NULL, 0, 0.0000, 0, 0, '0', 'REBOLO DIAMANTADO BIZELADORA POS 2 B75', NULL, '3', 476.0000, NULL, '16', NULL, '2018-04-10 17:38:00', 0, NULL, NULL, NULL, NULL, NULL, NULL, NULL),
	(4255, NULL, NULL, 0, 0.0000, 0, 0, '0', 'PUXADOR H 600 X 400 - PRETO', NULL, '3', 50.0000, 32.0000, '13', NULL, '2018-04-10 17:38:00', 0, NULL, NULL, NULL, NULL, NULL, NULL, NULL),
	(4261, NULL, NULL, 0, 0.0000, 0, 0, '0', 'BRACELETE MANGOTE', NULL, '3', 16.7500, NULL, '16', NULL, '2018-04-10 17:38:00', 0, NULL, NULL, NULL, NULL, NULL, NULL, NULL),
	(4277, NULL, NULL, 0, 0.0000, 0, 0, '0', 'BOTINA BIQUEIRA DE AO', NULL, '3', 43.5000, NULL, '16', NULL, '2018-04-10 17:38:00', 0, NULL, NULL, NULL, NULL, NULL, NULL, NULL),
	(4280, NULL, NULL, 0, 0.0000, 0, 0, '0', 'PROTETOR AURICULAR', NULL, '3', 0.8000, NULL, '16', NULL, '2018-04-10 17:38:00', 0, NULL, NULL, NULL, NULL, NULL, NULL, NULL),
	(4281, NULL, NULL, 0, 0.0000, 0, 0, '0', 'AVENTAL DE RASPA', NULL, '3', 24.9000, NULL, '16', NULL, '2018-04-10 17:38:00', 0, NULL, NULL, NULL, NULL, NULL, NULL, NULL),
	(4282, NULL, NULL, 0, 0.0000, 0, 0, '0', 'LUVA RASPA', NULL, '3', 7.2000, NULL, '16', NULL, '2018-04-10 17:38:00', 0, NULL, NULL, NULL, NULL, NULL, NULL, NULL),
	(4283, NULL, NULL, 0, 0.0000, 0, 0, '0', 'OCULOS PROTETOR', NULL, '3', 3.0000, NULL, '16', NULL, '2018-04-10 17:38:00', 0, NULL, NULL, NULL, NULL, NULL, NULL, NULL),
	(4284, NULL, NULL, 0, 0.0000, 0, 0, '0', 'RESPIRADOR', NULL, '3', 1.5000, NULL, '16', NULL, '2018-04-10 17:38:00', 0, NULL, NULL, NULL, NULL, NULL, NULL, NULL),
	(4285, NULL, NULL, 0, 0.0000, 0, 0, '0', 'LUVA PIGMENTADA', NULL, '3', 1.6000, NULL, '16', NULL, '2018-04-10 17:38:00', 0, NULL, NULL, NULL, NULL, NULL, NULL, NULL),
	(4286, NULL, NULL, 0, 0.0000, 0, 0, '0', 'AVENTRAL PVC', NULL, '3', 6.0000, NULL, '16', NULL, '2018-04-10 17:38:00', 0, NULL, NULL, NULL, NULL, NULL, NULL, NULL),
	(4290, NULL, NULL, 0, 0.0000, 0, 0, '0', 'BOTINA AMARRAR NOBOCK 50B26', NULL, '3', 76.9700, NULL, '16', NULL, '2018-04-10 17:38:00', 0, NULL, NULL, NULL, NULL, NULL, NULL, NULL),
	(4293, NULL, NULL, 0, 0.0000, 0, 0, '0', 'CARRETEL MEIA CANA V6/8', NULL, '3', 120.0000, NULL, '16', NULL, '2018-04-10 17:38:00', 0, NULL, NULL, NULL, NULL, NULL, NULL, NULL),
	(4294, NULL, NULL, 0, 0.0000, 0, 0, '0', 'REBOLO DE POLIMENTO S. BRILHO 100X20X22', NULL, '3', 25.0000, NULL, '16', NULL, '2018-04-10 17:38:00', 0, NULL, NULL, NULL, NULL, NULL, NULL, NULL),
	(4295, NULL, NULL, 0, 0.0000, 0, 0, '0', 'REBOLO COPO S. BRILHO 150X40X50 A20', NULL, '3', 60.0000, NULL, '16', NULL, '2018-04-10 17:38:00', 0, NULL, NULL, NULL, NULL, NULL, NULL, NULL),
	(4296, NULL, NULL, 0, 0.0000, 0, 0, '0', 'REBOLO COPO S. BRILHO 150X35X50 A20', NULL, '3', 60.0000, NULL, '16', NULL, '2018-04-10 17:38:00', 0, NULL, NULL, NULL, NULL, NULL, NULL, NULL),
	(4297, NULL, NULL, 0, 0.0000, 0, 0, '0', 'CABO 1KV 4X16MM', NULL, '2', 27.4000, NULL, '16', NULL, NULL, NULL, NULL, NULL, NULL, NULL, NULL, NULL, NULL),
	(4298, NULL, NULL, 0, 0.0000, 0, 0, '0', 'DISJUNTOR 3X0050A 220V', NULL, '3', 58.5200, NULL, '16', NULL, '2018-04-10 17:38:00', 0, NULL, NULL, NULL, NULL, NULL, NULL, NULL),
	(4310, NULL, NULL, -2, 0.0000, 0, 0, '0', '3230 - BRANCA', NULL, '3', 6.5000, 4.2900, '7', NULL, '2018-04-10 17:38:00', 0, NULL, NULL, NULL, NULL, NULL, NULL, NULL),
	(4315, NULL, NULL, -6, 0.0000, 0, 0, '0', 'FINESSON VAZADO', NULL, '3', 0.0000, NULL, '13', NULL, '2018-04-10 17:38:00', 0, NULL, NULL, NULL, NULL, NULL, NULL, NULL),
	(4340, NULL, NULL, 0, 0.0000, 0, 0, '0', 'BROCA DIAM. 55MM', NULL, '3', 88.4700, NULL, '16', NULL, '2018-04-10 17:38:00', 0, NULL, NULL, NULL, NULL, NULL, NULL, NULL),
	(4354, NULL, NULL, 0, 0.0000, 0, 0, '0', 'TIRRONIL 749 D', NULL, '2', 0.0000, NULL, '16', NULL, NULL, NULL, NULL, NULL, NULL, NULL, NULL, NULL, NULL),
	(4358, NULL, NULL, 0, 0.0000, 0, 0, '0', 'REBOLO RESIDA DIAMANTADO POS 6 (BT910 B)', NULL, '3', 0.0000, NULL, '16', NULL, '2018-04-10 17:38:00', 0, NULL, NULL, NULL, NULL, NULL, NULL, NULL),
	(4361, NULL, NULL, 0, 0.0000, 0, 0, '0', 'REBOLO COPO RESINA POS 3', NULL, '3', 0.0000, NULL, '16', NULL, '2018-04-10 17:38:00', 0, NULL, NULL, NULL, NULL, NULL, NULL, NULL),
	(4362, NULL, NULL, 0, 0.0000, 0, 0, '0', 'REBOLO COPO RESINA POS 4', NULL, '3', 0.0000, NULL, '16', NULL, '2018-04-10 17:38:00', 0, NULL, NULL, NULL, NULL, NULL, NULL, NULL),
	(4363, NULL, NULL, 0, 0.0000, 0, 0, '0', 'REBOLO COPO RESINA POS 6', NULL, '3', 0.0000, NULL, '16', NULL, '2018-04-10 17:38:00', 0, NULL, NULL, NULL, NULL, NULL, NULL, NULL),
	(4364, NULL, NULL, 0, 0.0000, 0, 0, '0', 'REBOLO PERIFERICO RETO 8MM GROSSO 175', NULL, '3', 0.0000, NULL, '16', NULL, '2018-04-10 17:38:00', 0, NULL, NULL, NULL, NULL, NULL, NULL, NULL),
	(4365, NULL, NULL, 0, 0.0000, 0, 0, '0', 'REBOLO PERIFERICO RETO 8MM FINO 175', NULL, '3', 0.0000, NULL, '16', NULL, '2018-04-10 17:38:00', 0, NULL, NULL, NULL, NULL, NULL, NULL, NULL),
	(4367, NULL, NULL, 0, 0.0000, 0, 0, '0', '629 J BRANCA', NULL, '3', 0.0000, NULL, '7', NULL, '2018-04-10 17:38:00', 0, NULL, NULL, NULL, NULL, NULL, NULL, NULL),
	(4370, NULL, NULL, -55, 0.0000, 0, 0, '0', 'BATE FECHA V/A - CROMADO', NULL, '3', 16.3000, 10.1000, '7', NULL, '2018-04-10 17:38:00', 0, NULL, NULL, NULL, NULL, NULL, NULL, NULL),
	(4372, NULL, NULL, -151, 0.0000, 0, 0, '0', 'BATE FECHA V/V CROMADO', NULL, '3', 22.5000, 15.7500, '7', NULL, '2018-04-10 17:38:00', 0, NULL, NULL, NULL, NULL, NULL, NULL, NULL),
	(4408, NULL, NULL, 0, 0.0000, 0, 0, '0', 'TORRE INOX 40 CM', NULL, '3', 130.0000, NULL, '13', NULL, '2018-04-10 17:38:00', 0, NULL, NULL, NULL, NULL, NULL, NULL, NULL),
	(4418, NULL, NULL, -2, 0.0000, 0, 0, '0', 'CANTONEIRA 250 X 250 6MM', NULL, '3', 8.0000, NULL, '13', NULL, '2018-04-10 17:38:00', 0, NULL, NULL, NULL, NULL, NULL, NULL, NULL),
	(4419, NULL, NULL, 0, 0.0000, 0, 0, '0', 'CANOPLA 2X2 BRANCO', NULL, '3', 1.5000, 0.7000, '13', NULL, '2018-04-10 17:38:00', 0, NULL, NULL, NULL, NULL, NULL, NULL, NULL),
	(4423, NULL, NULL, -8, 0.0000, 0, 0, '0', 'PUXADOR INOX 400X600', NULL, '3', 0.0000, NULL, '13', NULL, '2018-04-10 17:38:00', 0, NULL, NULL, NULL, NULL, NULL, NULL, NULL),
	(4424, NULL, NULL, -5, 0.0000, 0, 0, '0', 'CANTONEIRA 300 X 300 6MM', NULL, '3', 0.0000, NULL, '13', NULL, '2018-04-10 17:38:00', 0, NULL, NULL, NULL, NULL, NULL, NULL, NULL),
	(4429, NULL, NULL, -56, 0.0000, 1, 3, '', 'KIT F1 120 BRANCO', NULL, '3', 70.4900, 52.2200, '4', 2.5, '2018-04-10 17:38:00', 0, NULL, NULL, NULL, NULL, NULL, NULL, NULL),
	(4432, NULL, NULL, 31, 0.0000, 1, 3, '', 'KIT F1 120 NATURAL FOSCO-MAKIT', NULL, '3', 63.7500, 49.5600, '4', 2.5, '2019-10-01 09:02:08', 50, NULL, NULL, NULL, NULL, NULL, NULL, NULL),
	(4434, NULL, NULL, -1, 0.0000, 1, 3, '', 'KIT C1 120 BRANCO', NULL, '3', 130.7600, 90.1800, '4', 2.5, '2018-04-10 17:38:00', 0, NULL, NULL, NULL, NULL, NULL, NULL, NULL),
	(4436, NULL, 0.0000, 0, -33.7137, 1, 3, '', 'REFUGO ESPELHO', NULL, '1', 63.0000, NULL, '16', 2.5, '2018-04-10 17:38:00', NULL, NULL, NULL, NULL, NULL, NULL, NULL, NULL),
	(4450, NULL, NULL, -5, 0.0000, 0, 0, '0', 'KIT C1 100 NATURAL FOSCO', NULL, '3', 110.2000, 85.6800, '4', NULL, '2018-04-10 17:38:00', 0, NULL, NULL, NULL, NULL, NULL, NULL, NULL),
	(4457, NULL, NULL, -1, 0.0000, 0, 0, '0', 'KIT C1 120 PRETO', NULL, '3', 130.7600, 90.1800, '4', NULL, '2018-04-10 17:38:00', 0, NULL, NULL, NULL, NULL, NULL, NULL, NULL),
	(4459, NULL, NULL, 0, 0.0000, 0, 0, '0', 'KIT C1 120 BRONZE', NULL, '3', 130.7600, 90.1800, '4', NULL, '2018-04-10 17:38:00', 0, NULL, NULL, NULL, NULL, NULL, NULL, NULL),
	(4460, NULL, NULL, -7, 0.0000, 0, 0, '0', 'KIT C1 120 NATURAL FOSCO', NULL, '3', 122.0000, 94.8600, '4', NULL, '2018-04-10 17:38:00', 0, NULL, NULL, NULL, NULL, NULL, NULL, NULL),
	(4481, NULL, NULL, -12, 0.0000, 0, 0, '0', 'KIT F1 120 BRONZE', NULL, '3', 70.4900, 52.2200, '4', NULL, '2018-04-10 17:38:00', 0, NULL, NULL, NULL, NULL, NULL, NULL, NULL),
	(4487, NULL, NULL, -20, 0.0000, 0, 0, '0', 'KIT F1 150 PRETO', NULL, '3', 78.5100, 58.1600, '4', NULL, '2018-04-10 17:38:00', 0, NULL, NULL, NULL, NULL, NULL, NULL, NULL),
	(4488, NULL, NULL, -50, 0.0000, 0, 0, '0', 'KIT F1 150 BRANCO', NULL, '3', 78.5100, 58.1600, '4', NULL, '2018-04-10 17:38:00', 0, NULL, NULL, NULL, NULL, NULL, NULL, NULL),
	(4489, NULL, NULL, -13, 0.0000, 0, 0, '0', 'KIT F1 150 BRONZE', NULL, '3', 78.5100, 58.1600, '4', NULL, '2018-04-10 17:38:00', 0, NULL, NULL, NULL, NULL, NULL, NULL, NULL),
	(4490, NULL, NULL, 21, 0.0000, 0, 0, '0', 'KIT F1 150 NATURAL FOSCO', NULL, '3', 73.4500, 57.1200, '4', NULL, '2019-09-30 14:11:25', 50, NULL, NULL, NULL, NULL, NULL, NULL, NULL),
	(4496, NULL, NULL, -4, 0.0000, 0, 0, '0', 'KIT F1 160 PRETO', NULL, '3', 81.4300, 60.3200, '4', NULL, '2018-04-10 17:38:00', 0, NULL, NULL, NULL, NULL, NULL, NULL, NULL),
	(4497, NULL, NULL, -6, 0.0000, 0, 0, '0', 'KIT F1 160 BRANCO', NULL, '3', 81.4300, 60.3200, '4', NULL, '2018-04-10 17:38:00', 0, NULL, NULL, NULL, NULL, NULL, NULL, NULL),
	(4498, NULL, NULL, -2, 0.0000, 0, 0, '0', 'KIT F1 160 BRONZE', NULL, '3', 81.4300, 60.3200, '4', NULL, '2018-04-10 17:38:00', 0, NULL, NULL, NULL, NULL, NULL, NULL, NULL),
	(4499, NULL, NULL, -24, 0.0000, 0, 0, '0', 'KIT F1 160 NATURAL FOSCO', NULL, '3', 77.6000, 60.3300, '4', NULL, '2018-04-10 17:38:00', 0, NULL, NULL, NULL, NULL, NULL, NULL, NULL),
	(4504, NULL, NULL, -5, 0.0000, 0, 0, '0', 'KIT F1 180 PRETO', NULL, '3', 84.6500, 64.0000, '4', NULL, '2018-04-10 17:38:00', 0, NULL, NULL, NULL, NULL, NULL, NULL, NULL),
	(4505, NULL, NULL, -8, 0.0000, 0, 0, '0', 'KIT F1 180 BRANCO', NULL, '3', 84.6500, 64.0000, '4', NULL, '2018-04-10 17:38:00', 0, NULL, NULL, NULL, NULL, NULL, NULL, NULL),
	(4507, NULL, NULL, -10, 0.0000, 0, 0, '0', 'KIT F1 180 NATURAL FOSCO', NULL, '3', 82.6500, 64.2600, '4', NULL, '2018-04-10 17:38:00', 0, NULL, NULL, NULL, NULL, NULL, NULL, NULL),
	(4523, NULL, NULL, -7, 0.0000, 0, 0, '0', 'KIT F2 200 NATURAL FOSCO', NULL, '3', 89.1000, 67.3200, '4', NULL, '2018-04-10 17:38:00', 0, NULL, NULL, NULL, NULL, NULL, NULL, NULL),
	(4548, NULL, NULL, -12, 0.0000, 0, 0, '0', 'KIT F1 133 PRETO', NULL, '3', 74.2600, 55.0000, '4', NULL, '2018-04-10 17:38:00', 0, NULL, NULL, NULL, NULL, NULL, NULL, NULL),
	(4549, NULL, NULL, -48, 0.0000, 0, 0, '0', 'KIT F1 133 BRANCO', NULL, '3', 74.2600, 55.0000, '4', NULL, '2018-04-10 17:38:00', 0, NULL, NULL, NULL, NULL, NULL, NULL, NULL),
	(4550, NULL, NULL, -10, 0.0000, 0, 0, '0', 'KIT F1 133 BRONZE', NULL, '3', 74.2600, 55.0000, '4', NULL, '2018-04-10 17:38:00', 0, NULL, NULL, NULL, NULL, NULL, NULL, NULL),
	(4551, NULL, NULL, 4, 0.0000, 0, 0, '0', 'KIT F1 133 NATURAL FOSCO', NULL, '3', 68.2000, 53.0400, '4', NULL, '2019-09-30 13:44:39', 50, NULL, NULL, NULL, NULL, NULL, NULL, NULL),
	(5110, NULL, 0.0000, 0, -60.1924, 1, 3, '', 'REFUGO TEMPERADO', NULL, '1', 0.0000, NULL, '16', 2.5, '2018-04-10 17:38:00', NULL, NULL, NULL, NULL, NULL, NULL, NULL, NULL),
	(5124, NULL, NULL, 17, 0.0000, 1, 3, '', 'CG 075 - PRETO- JOTA PANORAMICO', '', '3', 0.0000, NULL, '2', 2.5, '2018-02-15 13:09:15', 0, NULL, NULL, NULL, NULL, NULL, NULL, NULL),
	(5126, NULL, NULL, 31, 0.0000, 1, 3, '', 'CG 074 PRETO- CAPA PANORAMICO', '', '3', 0.0000, NULL, '2', 2.5, '2018-02-15 13:15:23', 0, NULL, NULL, NULL, NULL, NULL, NULL, NULL),
	(5130, NULL, 0.0000, 0, -12.3414, 3, 8, '', 'VIDRO CINZA LAMINADO 4 + 4', 'LAM CINZA 4 + 4 ', '1', 0.0000, NULL, '1', 40.0, '2018-04-10 17:38:00', NULL, NULL, NULL, NULL, NULL, NULL, NULL, NULL),
	(5134, NULL, NULL, -5, 0.0000, 1, 3, '', 'KIT C1 100 BRONZE', '', '3', 124.2600, 85.7000, '4', 2.5, '2018-04-10 17:38:00', 0, NULL, NULL, NULL, NULL, NULL, NULL, NULL),
	(5135, NULL, NULL, -5, 0.0000, 1, 3, '', 'KIT C1 100 PRETO', '', '3', 124.2600, 85.7000, '4', 2.5, '2018-04-10 17:38:00', 0, NULL, NULL, NULL, NULL, NULL, NULL, NULL),
	(5136, NULL, NULL, -6, 0.0000, 1, 3, '', 'KIT C1 100 BRANCO', '', '3', 129.3400, NULL, '1', 2.5, '2018-04-10 17:38:00', 0, NULL, NULL, NULL, NULL, NULL, NULL, NULL),
	(5159, NULL, NULL, -61, 0.0000, 1, 3, '0', 'MAO DE OBRA INSTALAO', NULL, '3', 30.0000, NULL, '9', 2.5, '2018-10-22 14:41:23', 0, NULL, NULL, NULL, NULL, NULL, NULL, NULL),
	(5162, NULL, NULL, 0, 0.0000, 3, 10, '0', 'VIDRO CINZA 10MM', NULL, '1', 0.0000, NULL, '5', 25.0, '2019-09-26 11:12:08', 0, NULL, NULL, NULL, NULL, NULL, NULL, NULL),
	(5163, NULL, NULL, -3, 0.0000, 0, 3, '0', 'SOUDAFIX ', NULL, '3', 53.8500, 41.4300, '13', 2.5, '2019-09-26 15:20:07', 0, NULL, NULL, NULL, NULL, NULL, NULL, NULL),
	(5164, NULL, NULL, -43, 0.0000, 0, 3, '0', 'KIT 01 - PORTA PIVOTANTE CROMADA', NULL, '3', 79.6500, 59.0800, '7', 2.5, '2019-10-01 09:09:16', 1, NULL, NULL, NULL, NULL, NULL, NULL, NULL),
	(5165, NULL, NULL, -42, 0.0000, 0, 3, '0', 'KIT 06 - BASCULA CROMADO ', NULL, '3', 41.0000, 30.0600, '7', 2.5, '2019-09-27 08:43:12', 0, NULL, NULL, NULL, NULL, NULL, NULL, NULL),
	(5166, NULL, NULL, -101, 0.0000, 0, 3, '0', '038 C CROMADO ', NULL, '3', 3.0000, 1.4900, '7', 2.5, '2019-10-01 09:10:19', 5, NULL, NULL, NULL, NULL, NULL, NULL, NULL),
	(5167, NULL, NULL, -45, 0.0000, 0, 3, '0', '3530 FECHADURA CROMADO ', NULL, '3', 45.7000, 32.5300, '7', 2.5, '2019-10-01 09:08:54', 1, NULL, NULL, NULL, NULL, NULL, NULL, NULL),
	(5168, NULL, NULL, -8, 0.0000, 0, 3, '0', '3530 FECHADURA PRETO ', NULL, '3', 45.7000, 32.5300, '7', 2.5, '2019-09-28 14:29:26', 0, NULL, NULL, NULL, NULL, NULL, NULL, NULL),
	(5169, NULL, NULL, -2, 0.0000, 0, 3, '0', '3530 FECHADURA BRONZE', NULL, '3', 45.7000, 32.5300, '7', 2.5, '2019-09-28 14:30:32', 0, NULL, NULL, NULL, NULL, NULL, NULL, NULL),
	(5170, NULL, NULL, -2, 0.0000, 0, 3, '0', '3530 FECHADURA  BRANCA ', NULL, '3', 45.7000, 32.5300, '7', 2.5, '2019-09-28 14:31:12', 0, NULL, NULL, NULL, NULL, NULL, NULL, NULL),
	(5171, NULL, NULL, 0, 0.0000, 0, 3, '0', 'KIT 01 - PORTA PIVOTANTE BRANCA', NULL, '3', 79.6500, 59.0800, '7', 2.5, '2019-09-28 14:32:30', 0, NULL, NULL, NULL, NULL, NULL, NULL, NULL),
	(5172, NULL, NULL, -3, 0.0000, 0, 3, '0', 'KIT 01 - PORTA PIVOTANTE PRETO ', NULL, '3', 79.6500, 59.0800, '7', 2.5, '2019-09-28 14:35:43', 0, NULL, NULL, NULL, NULL, NULL, NULL, NULL),
	(5173, NULL, NULL, -5, 0.0000, 0, 3, '0', 'KIT 01 - PORTA PIVOTANTE BRONZE', NULL, '3', 79.6500, 59.0800, '7', 2.5, '2019-09-28 14:37:18', 0, NULL, NULL, NULL, NULL, NULL, NULL, NULL),
	(5174, NULL, NULL, -2, 0.0000, 0, 3, '0', '1203 SUPORTE P/ BANDEIRA COM PONTO GIRO CROMADA ', NULL, '3', 28.0000, NULL, '7', 2.5, '2019-09-28 14:39:20', 0, NULL, NULL, NULL, NULL, NULL, NULL, NULL),
	(5175, NULL, NULL, -9, 0.0000, 0, 3, '0', 'COPINHO CROMADO ', NULL, '3', 2.2000, 1.0400, '7', 2.5, '2019-09-28 14:41:42', 0, NULL, NULL, NULL, NULL, NULL, NULL, NULL),
	(5176, NULL, NULL, -4, 0.0000, 0, 3, '0', '3230 - PRETO ', NULL, '3', 6.5000, 4.2900, '6', 2.5, '2019-09-28 14:43:34', 0, NULL, NULL, NULL, NULL, NULL, NULL, NULL),
	(5177, NULL, NULL, -1, 0.0000, 0, 3, '0', '3230 - BRONZE ', NULL, '3', 6.5000, 4.2900, '7', 2.5, '2019-09-28 14:44:05', 0, NULL, NULL, NULL, NULL, NULL, NULL, NULL),
	(5178, NULL, NULL, -11, 0.0000, 0, 3, '0', '3530 - CROMADO ', NULL, '3', 26.3000, 18.7200, '7', 2.5, '2019-09-28 14:45:12', 0, NULL, NULL, NULL, NULL, NULL, NULL, NULL),
	(5179, NULL, NULL, -4, 0.0000, 0, 3, '0', '3534 - PRETO', NULL, '3', 26.3000, 18.7200, '7', 2.5, '2019-09-28 14:45:51', 0, NULL, NULL, NULL, NULL, NULL, NULL, NULL),
	(5180, NULL, NULL, -18, 0.0000, 0, 3, '0', '3534 - CROMADO CONTRA V/V ', NULL, '3', 26.3000, 18.7200, '7', 2.5, '2019-09-28 14:47:02', 0, NULL, NULL, NULL, NULL, NULL, NULL, NULL),
	(5181, NULL, NULL, 0, 0.0000, 0, 3, '0', '3534 - BRANCO ', NULL, '3', 26.3000, 18.7200, '7', 2.5, '2019-09-28 14:47:31', 0, NULL, NULL, NULL, NULL, NULL, NULL, NULL),
	(5182, NULL, NULL, -2, 0.0000, 0, 3, '0', '3534 - BRONZE', NULL, '3', 26.3000, NULL, '7', 2.5, '2019-09-28 14:48:09', 0, NULL, NULL, NULL, NULL, NULL, NULL, NULL),
	(5183, NULL, NULL, 0, 0.0000, 0, 8, '0', 'VIDRO REFLETIVO PRATA 8 MM ', NULL, '1', 0.0000, NULL, '5', 2.5, '2019-09-28 14:54:45', 0, NULL, NULL, NULL, NULL, NULL, NULL, NULL),
	(5184, NULL, NULL, -4, 0.0000, 0, 3, '0', 'JUMBO CROMADA (1103 / 1101) ', NULL, '3', 140.4000, NULL, '7', 2.5, '2019-09-28 15:04:02', 0, NULL, NULL, NULL, NULL, NULL, NULL, NULL),
	(5185, NULL, NULL, -11, 0.0000, 0, 3, '0', 'KIT 02 - JANELA PIVOTANTE CROMADA ', NULL, '3', 32.4000, 22.4100, '7', 2.5, '2019-09-28 15:17:22', 0, NULL, NULL, NULL, NULL, NULL, NULL, NULL),
	(5186, NULL, NULL, 0, 0.0000, 0, 3, '0', 'KIT 02 - JANELA PIVOTANTE PRETO ', NULL, '3', 32.4000, 22.4100, '7', 2.5, '2019-09-28 15:19:04', 0, NULL, NULL, NULL, NULL, NULL, NULL, NULL),
	(5187, NULL, NULL, 0, 0.0000, 0, 3, '0', 'KIT 02 - JANELA PIVOTANTE BRANCO ', NULL, '3', 32.4000, 22.4100, '7', 2.5, '2019-09-28 15:19:54', 0, NULL, NULL, NULL, NULL, NULL, NULL, NULL),
	(5188, NULL, NULL, 0, 0.0000, 0, 3, '0', 'KIT 02 - JANELA PIVOTANTE BRONZE ', NULL, '3', 32.4000, 22.4100, '7', 2.5, '2019-09-28 15:20:42', 0, NULL, NULL, NULL, NULL, NULL, NULL, NULL),
	(5189, NULL, NULL, -5, 0.0000, 0, 3, '0', 'KIT 06 - BASCULA PRETO', NULL, '3', 41.0000, 30.0600, '7', 2.5, '2019-09-28 15:22:05', 0, NULL, NULL, NULL, NULL, NULL, NULL, NULL),
	(5190, NULL, NULL, 0, 0.0000, 0, 3, '0', 'KIT 06 - BASCULA BRANCO ', NULL, '3', 41.0000, 30.0600, '7', 2.5, '2019-09-28 15:22:53', 0, NULL, NULL, NULL, NULL, NULL, NULL, NULL),
	(5191, NULL, NULL, -4, 0.0000, 0, 3, '0', 'KIT 06 - BASCULA BRONZE ', NULL, '3', 41.0000, 30.0600, '7', 2.5, '2019-09-28 15:23:29', 0, NULL, NULL, NULL, NULL, NULL, NULL, NULL),
	(5192, NULL, NULL, -2, 0.0000, 0, 3, '0', 'KIT 07 - BASCULA GRANDE CROMADO ', NULL, '3', 48.6000, NULL, '7', 2.5, '2019-09-28 15:25:35', 0, NULL, NULL, NULL, NULL, NULL, NULL, NULL),
	(5193, NULL, NULL, 0, 0.0000, 0, 3, '0', 'KIT F1 200 NATURAL FOSCO', NULL, '3', 86.2900, 66.6400, '4', 2.5, '2019-09-28 15:25:39', 0, NULL, NULL, NULL, NULL, NULL, NULL, NULL),
	(5194, NULL, NULL, -5, 0.0000, 0, 3, '0', '3532 V/A MINI CROMADA ', NULL, '3', 33.0000, 22.5000, '7', 2.5, '2019-09-28 15:27:25', 0, NULL, NULL, NULL, NULL, NULL, NULL, NULL),
	(5195, NULL, NULL, 0, 0.0000, 0, 3, '0', '3532 V/V MINI CROMADO ', NULL, '3', 46.0000, 31.6000, '7', 2.5, '2019-09-28 15:28:19', 0, NULL, NULL, NULL, NULL, NULL, NULL, NULL),
	(5196, NULL, NULL, -13, 0.0000, 0, 3, '0', 'FIXADOR DE PORTA CROMADO ', NULL, '3', 21.5000, 14.6900, '7', 2.5, '2019-09-28 15:30:05', 0, NULL, NULL, NULL, NULL, NULL, NULL, NULL),
	(5201, NULL, NULL, -4, 0.0000, 0, 3, '0', 'KIT PIA 1,50X1,20 NAT FOSCO', NULL, '3', 73.5000, 57.1200, '4', 2.5, '2019-09-28 15:46:14', 0, NULL, NULL, NULL, NULL, NULL, NULL, NULL),
	(5202, NULL, NULL, 45, 0.0000, 0, 3, '0', 'KIT PIA 1,50X1,20 PRETO', NULL, '3', 73.5000, 56.0100, '4', 2.5, '2019-09-30 14:33:08', 50, NULL, NULL, NULL, NULL, NULL, NULL, NULL),
	(5203, NULL, NULL, 0, 0.0000, 0, 3, '0', 'KIT PIA 1,50X1,20 BRANCO', NULL, '3', 73.5000, 56.0100, '4', 2.5, '2019-09-28 15:49:06', 0, NULL, NULL, NULL, NULL, NULL, NULL, NULL),
	(5204, NULL, NULL, -2, 0.0000, 0, 3, '0', 'KIT PIA 1,50X1,20 BRONZE', NULL, '3', 73.5000, 56.0100, '4', 2.5, '2019-09-28 15:49:36', 0, NULL, NULL, NULL, NULL, NULL, NULL, NULL),
	(5205, NULL, NULL, -7, 0.0000, 0, 3, '0', 'KIT PIA 2,00X1,20 NAT FOSCO', NULL, '3', 86.7000, 67.1100, '4', 2.5, '2019-09-28 15:50:06', 0, NULL, NULL, NULL, NULL, NULL, NULL, NULL),
	(5206, NULL, NULL, -4, 0.0000, 0, 3, '0', 'KIT PIA 2,00X1,20 PRETO', NULL, '3', 86.7000, 67.1100, '4', 2.5, '2019-09-28 15:50:32', 0, NULL, NULL, NULL, NULL, NULL, NULL, NULL),
	(5207, NULL, NULL, 0, 0.0000, 0, 3, '0', '1122 DUPLO CROMADO ', NULL, '3', 20.5200, 11.8500, '7', 2.5, '2019-09-28 15:50:42', 0, NULL, NULL, NULL, NULL, NULL, NULL, NULL),
	(5208, NULL, NULL, 0, 0.0000, 0, 3, '0', 'KIT PIA 2,00X1,20 BRANCO', NULL, '3', 86.7000, 67.1100, '4', 2.5, '2019-09-28 15:50:58', 0, NULL, NULL, NULL, NULL, NULL, NULL, NULL),
	(5209, NULL, NULL, 0, 0.0000, 0, 3, '0', '1122 DUPLO BRONZE ', NULL, '3', 20.5200, 11.8500, '7', 2.5, '2019-09-28 15:51:31', 0, NULL, NULL, NULL, NULL, NULL, NULL, NULL),
	(5210, NULL, NULL, -2, 0.0000, 0, 3, '0', 'KIT PIA 2,00X1,20 BRONZE', NULL, '3', 86.7000, 67.1100, '4', 2.5, '2019-09-28 15:51:43', 0, NULL, NULL, NULL, NULL, NULL, NULL, NULL),
	(5211, NULL, NULL, -6, 0.0000, 0, 3, '0', '1122 DUPLO BRANCO ', NULL, '3', 20.5200, 11.8500, '7', 2.5, '2019-09-28 15:52:08', 0, NULL, NULL, NULL, NULL, NULL, NULL, NULL),
	(5212, NULL, NULL, -1, 0.0000, 0, 3, '0', 'KIT PIA 2,50X1,20 NAT FOSCO', NULL, '3', 102.5000, 79.5600, '4', 2.5, '2019-09-28 15:52:28', 0, NULL, NULL, NULL, NULL, NULL, NULL, NULL),
	(5213, NULL, NULL, 0, 0.0000, 0, 3, '0', 'KIT PIA 2,50X1,20 BRANCO', NULL, '3', 102.5000, 79.5600, '4', 2.5, '2019-09-28 15:52:54', 0, NULL, NULL, NULL, NULL, NULL, NULL, NULL),
	(5214, NULL, NULL, 0, 0.0000, 0, 3, '0', '1122 DUPLO PRETO ', NULL, '3', 20.5200, 11.8500, '7', 2.5, '2019-09-28 15:53:06', 0, NULL, NULL, NULL, NULL, NULL, NULL, NULL),
	(5215, NULL, NULL, 0, 0.0000, 0, 3, '0', '1209 FACO SIMPLES LATERAL CROMADO ', NULL, '3', 30.8000, NULL, '7', 2.5, '2019-09-28 15:54:33', 0, NULL, NULL, NULL, NULL, NULL, NULL, NULL),
	(5216, NULL, NULL, -2, 0.0000, 0, 3, '0', 'KIT PIA 2,50X1,20 BRONZE', NULL, '3', 102.5000, 79.5600, '4', 2.5, '2019-09-28 15:55:11', 0, NULL, NULL, NULL, NULL, NULL, NULL, NULL),
	(5217, NULL, NULL, -8, 0.0000, 0, 3, '0', '1629 B PUXADOR DE BOX CROMADO ', NULL, '3', 5.9500, 3.0100, '7', 2.5, '2019-09-28 15:55:30', 0, NULL, NULL, NULL, NULL, NULL, NULL, NULL),
	(5219, NULL, NULL, -1, 0.0000, 0, 3, '0', 'KIT PIA 3,00X1,20 NAT FOSCO', NULL, '3', 117.6000, 90.7800, '4', 2.5, '2019-09-28 15:56:06', 0, NULL, NULL, NULL, NULL, NULL, NULL, NULL),
	(5220, NULL, NULL, -1, 0.0000, 0, 3, '0', 'KIT PIA 3,00X1,20 PRETO', NULL, '3', 117.6000, 90.7800, '4', 2.5, '2019-09-28 15:56:37', 0, NULL, NULL, NULL, NULL, NULL, NULL, NULL),
	(5221, NULL, NULL, 0, 0.0000, 0, 3, '0', 'KIT PIA 3,00X1,20 BRANCO', NULL, '3', 117.6000, 90.7800, '4', 2.5, '2019-09-28 15:56:57', 0, NULL, NULL, NULL, NULL, NULL, NULL, NULL),
	(5222, NULL, NULL, 0, 0.0000, 0, 3, '0', 'KIT PIA 3,00X1,20 BRONZE', NULL, '3', 117.6000, 90.7800, '4', 2.5, '2019-09-28 15:57:29', 0, NULL, NULL, NULL, NULL, NULL, NULL, NULL),
	(5224, NULL, NULL, 0, 0.0000, 0, 3, '0', 'CANOPLA 2 x 2 PRETO ', NULL, '3', 1.5000, 0.7000, '13', 2.5, '2019-09-28 16:00:11', 0, NULL, NULL, NULL, NULL, NULL, NULL, NULL),
	(5225, NULL, NULL, 0, 0.0000, 0, 3, '0', 'KIT PIA 2,50X1,20 PRETO', NULL, '3', 102.5000, 79.5600, '4', 2.5, '2019-09-28 16:00:18', 0, NULL, NULL, NULL, NULL, NULL, NULL, NULL),
	(5228, NULL, NULL, -12, 0.0000, 0, 3, '0', 'SILICONE FIXA ESPELHO GMF ', NULL, '3', 20.0000, 11.5000, '15', 2.5, '2019-09-28 16:33:02', 0, NULL, NULL, NULL, NULL, NULL, NULL, NULL),
	(5229, NULL, NULL, -76, 0.0000, 0, 3, '0', 'SILICONE TRANSPARENTE GMF', NULL, '3', 10.8000, 7.5000, '15', 2.5, '2019-09-28 16:34:00', 0, NULL, NULL, NULL, NULL, NULL, NULL, NULL),
	(5230, NULL, NULL, 0, 0.0000, 0, 3, '0', 'FIX ALL HIGH TACK ', NULL, '3', 28.0700, 19.3600, '15', 2.5, '2019-09-28 16:37:13', 0, NULL, NULL, NULL, NULL, NULL, NULL, NULL),
	(5231, NULL, NULL, -1, 0.0000, 0, 3, '0', '305 BATENTE DE TADEU 100 UN ', NULL, '3', 18.8500, 13.0000, '13', 2.5, '2019-09-28 16:40:12', 0, NULL, NULL, NULL, NULL, NULL, NULL, NULL),
	(5232, NULL, NULL, 0, 0.0000, 0, 3, '0', 'ALICATE ', NULL, '3', 22.5000, NULL, '7', 2.5, '2019-09-28 16:41:32', 0, NULL, NULL, NULL, NULL, NULL, NULL, NULL),
	(5233, NULL, NULL, 0, 0.0000, 0, 3, '0', 'TAPA FURO BRANCO ', NULL, '3', 0.1000, 0.0300, '13', 2.5, '2019-09-28 16:42:17', 0, NULL, NULL, NULL, NULL, NULL, NULL, NULL),
	(5234, NULL, NULL, 0, 0.0000, 0, 3, '0', 'TAPA FURO PRETO ', NULL, '3', 0.1000, 0.0300, '13', 2.5, '2019-09-28 16:42:48', 0, NULL, NULL, NULL, NULL, NULL, NULL, NULL),
	(5235, NULL, NULL, 0, 0.0000, 0, 3, '0', 'TAPA FURO CINZA ', NULL, '3', 0.1000, 0.0300, '13', 2.5, '2019-09-28 16:43:21', 0, NULL, NULL, NULL, NULL, NULL, NULL, NULL),
	(5236, NULL, NULL, 0, 0.0000, 4, 4, '0', 'ESPELHO 4 MM BRONZE', NULL, '1', 150.0000, NULL, '6', 2.5, '2019-09-30 15:56:03', 0, NULL, NULL, NULL, NULL, NULL, NULL, NULL),
	(5237, NULL, NULL, -17, 0.0000, 0, 3, '0', 'BATE FECHA V/V PRETA ', NULL, '3', 16.3000, NULL, '7', 2.5, '2019-10-02 15:32:24', 0, NULL, NULL, NULL, NULL, NULL, NULL, NULL),
	(5238, NULL, NULL, 10, 0.0000, 0, 3, '0', 'TUBO 2X1 NATURAL FOSCO ', NULL, '3', 72.0000, NULL, '2', 2.5, '2019-10-17 16:22:58', 12, NULL, NULL, NULL, NULL, NULL, NULL, NULL),
	(5239, NULL, NULL, -7, 0.0000, 0, 3, '0', '038 C BRONZE ', NULL, '3', 3.8000, NULL, '7', 2.5, '2019-10-09 16:22:56', 0, NULL, NULL, NULL, NULL, NULL, NULL, NULL),
	(5240, NULL, NULL, -1, 0.0000, 0, 3, '0', 'CAVA ', NULL, '3', 3.0000, NULL, '9', 2.5, '2019-10-09 16:56:48', 0, NULL, NULL, NULL, NULL, NULL, NULL, NULL),
	(5246, NULL, NULL, 40, 0.0000, 0, 3, '0', 'KIT PIA 1,50 X 1,20 KIT PRATICO NATURAL FOSCO', NULL, '3', 73.5000, 53.6400, '4', 2.5, '2019-10-14 11:56:28', 40, NULL, NULL, NULL, NULL, NULL, NULL, NULL),
	(5247, NULL, NULL, 30, 0.0000, 0, 3, '0', ' KIT PIA 2,00 X 1,20 KIT PRATICO NATURAL FOSCO', NULL, '3', 86.7000, 64.6200, '4', 2.5, '2019-10-14 11:56:15', 30, NULL, NULL, NULL, NULL, NULL, NULL, NULL),
	(5248, NULL, NULL, 10, 0.0000, 0, 3, '0', 'KIT PIA 2,50 X 1,20 KIT PRATICO NATURAL FOSCO', NULL, '3', 102.5000, 74.0800, '4', 2.5, '2019-10-14 11:56:07', 10, NULL, NULL, NULL, NULL, NULL, NULL, NULL),
	(5249, NULL, NULL, 10, 0.0000, 0, 3, '0', 'KIT PIA 3,00 X 1,20 KIT PRATICO NATURAL FOSCO ', NULL, '3', 117.6000, 86.5900, '4', 2.5, '2019-10-14 11:55:47', 10, NULL, NULL, NULL, NULL, NULL, NULL, NULL),
	(5250, NULL, NULL, 0, 0.0000, 0, 3, '0', 'VIDRO ARTICO 3MM ', NULL, '1', 42.9000, NULL, '2', 2.5, '2019-10-15 15:31:52', 0, NULL, NULL, NULL, NULL, NULL, NULL, NULL),
	(5251, NULL, NULL, 0, 0.0000, 0, 3, '0', 'KIT F1 100 NATURAL FOSCO', NULL, '3', 56.3500, 43.5100, '4', 2.5, '2019-10-16 09:14:08', 0, NULL, NULL, NULL, NULL, NULL, NULL, NULL),
	(5253, NULL, NULL, -4, 0.0000, 0, 3, '0', 'CANTONEIRA DE VIDRO', NULL, '3', 10.0000, NULL, '5', 2.5, '2019-10-17 14:06:36', 0, NULL, NULL, NULL, NULL, NULL, NULL, NULL),
	(5254, NULL, NULL, -1, 0.0000, 0, 3, '0', 'PRATELEIRA DE VIDRO ', NULL, '3', 9.0000, NULL, '5', 2.5, '2019-10-17 14:07:04', 0, NULL, NULL, NULL, NULL, NULL, NULL, NULL),
	(5255, NULL, NULL, 0, 0.0000, 0, 8, '0', 'VIDRO LAMINADO  REFLETIVO VERDE 4 + 4', NULL, '1', 0.0000, NULL, '5', 2.5, '2019-10-18 11:11:11', 0, NULL, NULL, NULL, NULL, NULL, NULL, NULL),
	(5256, NULL, NULL, -3, 0.0000, 0, 8, '0', 'MO DE OBRA DE TEMPERA ', NULL, '3', 15.0000, NULL, '9', 2.5, '2019-10-22 14:05:20', 0, NULL, NULL, NULL, NULL, NULL, NULL, NULL),
	(5257, NULL, NULL, -10, 0.0000, 0, 3, '0', 'KIT 335 COMPLETO ', NULL, '3', 17.3000, NULL, '7', 2.5, '2019-10-23 11:36:07', 0, NULL, NULL, NULL, NULL, NULL, NULL, NULL);
/*!40000 ALTER TABLE `produto` ENABLE KEYS */;

/*!40101 SET SQL_MODE=IFNULL(@OLD_SQL_MODE, '') */;
/*!40014 SET FOREIGN_KEY_CHECKS=IF(@OLD_FOREIGN_KEY_CHECKS IS NULL, 1, @OLD_FOREIGN_KEY_CHECKS) */;
/*!40101 SET CHARACTER_SET_CLIENT=@OLD_CHARACTER_SET_CLIENT */;
